"COUNTY","ZIPCODE","POPULATION","SERVICE_CONNECTIONS","VIOLATION_TYPE_NAME","ANALYTE_NAME","RESULT","MCL","ENF_ACTION_TYPE_ISSUED","year_violation","daystaken"
"CONTRA COSTA",94548,350,3,"MCL,  AVERAGE","ARSENIC","0.0132 MG/L",NA,"FORMAL ENFORCEMENT ACTION ISSUED","2014",89
"CONTRA COSTA",94548,350,3,"MCL,  AVERAGE","ARSENIC",".0127 MG/L",NA,"RETURN TO COMPLIANCE","2014",91
"CONTRA COSTA",94548,350,3,"MCL,  AVERAGE","ARSENIC","0.013 MG/L",NA,"FORMAL ENFORCEMENT ACTION ISSUED","2015",90
"CONTRA COSTA",94548,350,3,"MCL,  AVERAGE","ARSENIC","0.013 MG/L",NA,"FORMAL ENFORCEMENT ACTION ISSUED","2015",91
"CONTRA COSTA",94548,350,3,"MCL,  AVERAGE","ARSENIC","0.012 MG/L",NA,"FORMAL ENFORCEMENT ACTION ISSUED","2016",91
"CONTRA COSTA",94548,350,3,"MCL,  AVERAGE","ARSENIC","0.012 MG/L",NA,"RETURN TO COMPLIANCE","2016",91
"CONTRA COSTA",94550,49,18,"MCL,  AVERAGE","ARSENIC","0.022 MG/L","0.010 MG/L","INFORMAL ENFORCEMENT ACTION ISSUED","2014",90
"CONTRA COSTA",94550,49,18,"MCL,  AVERAGE","ARSENIC","0.023 MG/L","0.010 MG/L","RETURN TO COMPLIANCE","2015",91
"CONTRA COSTA",94550,49,18,"MCL,  AVERAGE","ARSENIC","0.027 MG/L","0.010 MG/L","RETURN TO COMPLIANCE","2016",121
"CONTRA COSTA",94550,49,18,"MCL,  AVERAGE","ARSENIC","28.5 UG/L",NA,"RETURN TO COMPLIANCE","2017",89
"CONTRA COSTA",94550,49,18,"MCL,  AVERAGE","ARSENIC","0.024 MG/L",NA,"RETURN TO COMPLIANCE","2015",91
"CONTRA COSTA",94550,49,18,"MCL,  AVERAGE","ARSENIC","0.020 MG/L",NA,"FORMAL ENFORCEMENT ACTION ISSUED","2014",91
"CONTRA COSTA",94550,49,18,"MCL,  AVERAGE","ARSENIC","0.023 MG/L",NA,"RETURN TO COMPLIANCE","2014",89
"CONTRA COSTA",94550,49,18,"MCL,  AVERAGE","ARSENIC","0.021 MG/L",NA,"FORMAL ENFORCEMENT ACTION ISSUED","2013",91
"CONTRA COSTA",94550,49,18,"MCL,  AVERAGE","ARSENIC","0.022 MG/L",NA,"RETURN TO COMPLIANCE","2013",89
"CONTRA COSTA",94550,49,18,"MCL,  AVERAGE","ARSENIC","34.0 UG/L",NA,"RETURN TO COMPLIANCE","2017",91
"CONTRA COSTA",94550,49,18,"MCL,  AVERAGE","ARSENIC","33 UG/L",NA,"RETURN TO COMPLIANCE","2018",89
"FRESNO",93656,660,153,"MCL,  AVERAGE","ARSENIC",".02250000 MG/L","0.010 MG/L","FORMAL ENFORCEMENT ACTION ISSUED","2012",90
"FRESNO",93656,660,153,"MCL,  AVERAGE","ARSENIC",".02150000 MG/L","0.010 MG/L","FORMAL ENFORCEMENT ACTION ISSUED","2012",91
"FRESNO",93656,660,153,"MCL,  AVERAGE","ARSENIC","20.0 UG/L","10.0 UG/L","RETURN TO COMPLIANCE","2013",89
"FRESNO",93656,660,153,"MCL,  AVERAGE","ARSENIC","20.3 UG/L","10 UG/L","FORMAL ENFORCEMENT ACTION ISSUED","2013",91
"FRESNO",93656,660,153,"MCL,  AVERAGE","ARSENIC","0.0208 MG/L","0.010 MG/L","RETURN TO COMPLIANCE","2014",89
"FRESNO",93656,660,153,"MCL,  AVERAGE","ARSENIC","0.014 MG/L","0.010 MG/L","RETURN TO COMPLIANCE","2014",91
"FRESNO",93656,660,153,"MCL,  AVERAGE","ARSENIC","0.0165 MG/L","0.010 MG/L","RETURN TO COMPLIANCE","2015",89
"FRESNO",93656,660,153,"MCL,  AVERAGE","ARSENIC","0.017 MG/L","0.010 MG/L","RETURN TO COMPLIANCE","2015",91
"FRESNO",93656,660,153,"MCL,  AVERAGE","ARSENIC","0.019 MG/L","0.010 MG/L","FORMAL ENFORCEMENT ACTION ISSUED","2016",90
"FRESNO",93656,660,153,"MCL,  AVERAGE","ARSENIC","0.019 MG/L","0.010 MG/L","RETURN TO COMPLIANCE","2016",91
"FRESNO",93656,660,153,"MCL,  AVERAGE","ARSENIC","0.019 MG/L","0.010 MG/L","FORMAL ENFORCEMENT ACTION ISSUED","2017",89
"FRESNO",93656,660,153,"MCL,  AVERAGE","ARSENIC","0.020 MG/L","0.010 MG/L","FORMAL ENFORCEMENT ACTION ISSUED","2017",91
"FRESNO",93656,660,153,"MCL,  AVERAGE","ARSENIC","0.020 MG/L","0.010 MG/L","FORMAL ENFORCEMENT ACTION ISSUED","2018",89
"FRESNO",93656,660,153,"MCL,  AVERAGE","ARSENIC","0.0205 MG/L","0.010 MG/L","FORMAL ENFORCEMENT ACTION ISSUED","2018",91
"FRESNO",93656,75,25,"MCL,  AVERAGE","ARSENIC",".02430000 MG/L","0.010 MG/L","FORMAL ENFORCEMENT ACTION ISSUED","2012",90
"FRESNO",93656,75,25,"MCL,  AVERAGE","ARSENIC","0.0325 MG/L","0.010 MG/L","FORMAL ENFORCEMENT ACTION ISSUED","2012",91
"FRESNO",93656,75,25,"MCL,  AVERAGE","ARSENIC","0.0315 MG/L","0.010 MG/L","RETURN TO COMPLIANCE","2013",90
"FRESNO",93656,75,25,"MCL,  AVERAGE","ARSENIC","0.0305 MG/L","0.010 MG/L","RETURN TO COMPLIANCE","2013",91
"FRESNO",93656,75,25,"MCL,  AVERAGE","ARSENIC","0.0305 MG/L","0.010 MG/L","RETURN TO COMPLIANCE","2014",90
"FRESNO",93656,75,25,"MCL,  AVERAGE","ARSENIC","0.032 MG/L","0.010 MG/L","RETURN TO COMPLIANCE","2014",91
"FRESNO",93242,70,19,"MCL,  AVERAGE","ARSENIC",".03400000 MG/L","0.010 MG/L","FORMAL ENFORCEMENT ACTION ISSUED","2012",90
"FRESNO",93242,70,19,"MCL,  AVERAGE","ARSENIC","0.0348 MG/L","0.010 MG/L","RETURN TO COMPLIANCE","2012",91
"FRESNO",93242,70,19,"MCL,  AVERAGE","ARSENIC","0.0353 MG/L","0.010 MG/L","FORMAL ENFORCEMENT ACTION ISSUED","2013",90
"FRESNO",93242,70,19,"MCL, SINGLE SAMPLE","NITRATE","81.1 MG/L","45 MG/L","RETURN TO COMPLIANCE","2013",91
"FRESNO",93242,70,19,"MCL,  AVERAGE","ARSENIC","35.3 UG/L","10 UG/L","RETURN TO COMPLIANCE","2013",91
"FRESNO",93242,70,19,"MCL,  AVERAGE","ARSENIC","0.034 MG/L","0.010 MG/L","RETURN TO COMPLIANCE","2014",89
"FRESNO",93242,70,19,"MCL,  AVERAGE","NITRATE","47.5 MG/L","45 MG/L","FORMAL ENFORCEMENT ACTION ISSUED","2014",91
"FRESNO",93242,70,19,"MCL,  AVERAGE","ARSENIC","0.034 MG/L","0.010 MG/L","RETURN TO COMPLIANCE","2014",91
"FRESNO",93242,70,19,"MCL,  AVERAGE","ARSENIC","0.032 MG/L","0.010 MG/L","FORMAL ENFORCEMENT ACTION ISSUED","2015",89
"FRESNO",93242,70,19,"MCL,  AVERAGE","ARSENIC","0.0355 MG/L","0.010 MG/L","FORMAL ENFORCEMENT ACTION ISSUED","2015",91
"FRESNO",93242,70,19,"MCL,  AVERAGE","ARSENIC","0.018 MG/L","0.010 MG/L","FORMAL ENFORCEMENT ACTION ISSUED","2016",90
"FRESNO",93242,70,19,"MCL, SINGLE SAMPLE","NITRATE","11 MG/L","10 MG/L","RETURN TO COMPLIANCE","2016",90
"FRESNO",93621,25,2,"MCL,  AVERAGE","COMBINED URANIUM","28.8 PCI/L","20 PCI/L","RETURN TO COMPLIANCE","2014",89
"FRESNO",93621,25,2,"MCL,  AVERAGE","COMBINED URANIUM","32.3 PCI/L","20 PCI/L","FORMAL ENFORCEMENT ACTION ISSUED","2014",91
"FRESNO",93621,25,2,"MCL,  AVERAGE","COMBINED URANIUM","51.3 PCI/L","20 PCI/L","RETURN TO COMPLIANCE","2015",89
"FRESNO",93621,25,2,"MCL,  AVERAGE","COMBINED URANIUM","61.8 PCI/L","20 PCI/L","FORMAL ENFORCEMENT ACTION ISSUED","2015",91
"FRESNO",93621,25,2,"MCL,  AVERAGE","COMBINED URANIUM","47.3 PCI/L","20 PCI/L","RETURN TO COMPLIANCE","2016",90
"FRESNO",93621,25,2,"MCL,  AVERAGE","COMBINED URANIUM","28.7 PCI/L","20 PCI/L","FORMAL ENFORCEMENT ACTION ISSUED","2016",91
"FRESNO",93656,63,17,"MCL,  AVERAGE","COMBINED URANIUM","26.0 PCI/L","20 PCI/L","FORMAL ENFORCEMENT ACTION ISSUED","2012",90
"FRESNO",93656,63,17,"MCL,  AVERAGE","COMBINED URANIUM","24.9 PCI/L","20 PCI/L","FORMAL ENFORCEMENT ACTION ISSUED","2012",91
"FRESNO",93656,63,17,"MCL,  AVERAGE","COMBINED URANIUM","25.0 PCI/L","20 PCI/L","FORMAL ENFORCEMENT ACTION ISSUED","2012",91
"FRESNO",93656,63,17,"MCL,  AVERAGE","COMBINED URANIUM","23.0 PCI/L","20 PCI/L","RETURN TO COMPLIANCE","2013",91
"FRESNO",93656,63,17,"MCL,  AVERAGE","COMBINED URANIUM","23.2 PCI/L","20 PCI/L","RETURN TO COMPLIANCE","2014",89
"FRESNO",93656,63,17,"MCL,  AVERAGE","COMBINED URANIUM","20.3 PCI/L","20 PCI/L","RETURN TO COMPLIANCE","2014",91
"FRESNO",93656,63,17,"MCL,  AVERAGE","COMBINED URANIUM","20.3 PCI/L","20 PCI/L","RETURN TO COMPLIANCE","2015",89
"FRESNO",93656,63,17,"MCL,  AVERAGE","COMBINED URANIUM","21.3 PCI/L","20 PCI/L","RETURN TO COMPLIANCE","2015",91
"FRESNO",93664,40,22,"MCL,  AVERAGE","ARSENIC",".03750000 MG/L","0.010 MG/L","RETURN TO COMPLIANCE","2012",90
"FRESNO",93664,40,22,"MCL,  AVERAGE","ARSENIC","0.0375 MG/L","0.010 MG/L","RETURN TO COMPLIANCE","2012",91
"FRESNO",93664,40,22,"MCL,  AVERAGE","ARSENIC","0.0133 MG/L","0.010 MG/L","RETURN TO COMPLIANCE","2013",90
"FRESNO",93664,40,22,"MCL,  AVERAGE","ARSENIC","0.036 MG/L","0.010 MG/L","FORMAL ENFORCEMENT ACTION ISSUED","2013",91
"FRESNO",93664,40,22,"MCL,  AVERAGE","ARSENIC","0.035 MG/L","0.010 MG/L","FORMAL ENFORCEMENT ACTION ISSUED","2014",90
"FRESNO",93624,100,32,"MCL, SINGLE SAMPLE","NITRATE","78 MG/L","45 MG/L","RETURN TO COMPLIANCE","2014",90
"FRESNO",93656,3145,966,"MCL,  AVERAGE","ARSENIC",".03820000 MG/L","0.010 MG/L","RETURN TO COMPLIANCE","2012",90
"FRESNO",93656,3145,966,"MCL,  AVERAGE","ARSENIC","0.0384 MG/L","0.010 MG/L","RETURN TO COMPLIANCE","2013",90
"FRESNO",93656,3145,966,"MCL,  AVERAGE","ARSENIC","0.038 MG/L","0.010 MG/L","RETURN TO COMPLIANCE","2014",90
"FRESNO",93668,897,348,"MCL,  AVERAGE","ARSENIC","0.0143 MG/L","0.010 MG/L","RETURN TO COMPLIANCE","2012",91
"FRESNO",93668,897,348,"MCL,  AVERAGE","ARSENIC","0.016 MG/L","0.010 MG/L","RETURN TO COMPLIANCE","2013",91
"INYO",93514,75,21,"MCL,  AVERAGE","COMBINED URANIUM","25 PCI/L","20 PCI/L","FORMAL ENFORCEMENT ACTION ISSUED","2013",90
"INYO",93514,75,21,"MCL,  AVERAGE","COMBINED URANIUM","26 PCI/L","20 PCI/L","OTHER INFORMAL ENFORCEMENT ACTION TAKEN","2013",91
"INYO",93514,75,21,"MCL,  AVERAGE","COMBINED URANIUM","29 PCI/L","20 PCI/L","OTHER INFORMAL ENFORCEMENT ACTION TAKEN","2013",91
"INYO",93514,75,21,"MCL,  AVERAGE","COMBINED URANIUM","29 PCI/L","20 PCI/L","FORMAL ENFORCEMENT ACTION ISSUED","2013",91
"INYO",93514,75,21,"MCL,  AVERAGE","COMBINED URANIUM","27 PCI/L","20 PCI/L","RETURN TO COMPLIANCE","2014",89
"INYO",93514,75,21,"MCL,  AVERAGE","COMBINED URANIUM","23 PCI/L","20 PCI/L","OTHER INFORMAL ENFORCEMENT ACTION TAKEN","2014",90
"KERN",93240,75,32,"MCL,  AVERAGE","ARSENIC",".02700000 MG/L","0.010 MG/L","FORMAL ENFORCEMENT ACTION ISSUED","2012",90
"KERN",93240,75,32,"MCL,  AVERAGE","ARSENIC",".02700000 MG/L","0.010 MG/L","RETURN TO COMPLIANCE","2012",91
"KERN",93240,75,32,"MCL,  AVERAGE","ARSENIC","0.25 MG/L","0.010 MG/L","RETURN TO COMPLIANCE","2013",89
"KERN",93240,75,32,"MCL,  AVERAGE","ARSENIC","0.024 MG/L","0.010 MG/L","FORMAL ENFORCEMENT ACTION ISSUED","2013",91
"KERN",93523,161,49,"MCL,  AVERAGE","ARSENIC",".02800000 MG/L","0.010 MG/L","FORMAL ENFORCEMENT ACTION ISSUED","2012",90
"KERN",93523,161,49,"MCL,  AVERAGE","ARSENIC","0.029 MG/L","0.010 MG/L","FORMAL ENFORCEMENT ACTION ISSUED","2012",91
"KERN",93523,161,49,"MCL,  AVERAGE","ARSENIC","0.030 MG/L","0.010 MG/L","FORMAL ENFORCEMENT ACTION ISSUED","2013",90
"KERN",93523,161,49,"MCL,  AVERAGE","ARSENIC","0.030 MG/L","0.010 MG/L","RETURN TO COMPLIANCE","2013",91
"KERN",93523,161,49,"MCL,  AVERAGE","ARSENIC","0.030 MG/L","0.010 MG/L","FORMAL ENFORCEMENT ACTION ISSUED","2014",90
"KERN",93523,161,49,"MCL,  AVERAGE","ARSENIC","0.031 MG/L","0.010 MG/L","FORMAL ENFORCEMENT ACTION ISSUED","2014",91
"KERN",93523,161,49,"MCL,  AVERAGE","ARSENIC","0.025 MG/L","0.010 MG/L","FORMAL ENFORCEMENT ACTION ISSUED","2015",90
"KERN",93285,54,28,"MCL,  AVERAGE","ARSENIC",".01400000 MG/L","0.010 MG/L","RETURN TO COMPLIANCE","2012",90
"KERN",93285,54,28,"MCL,  AVERAGE","ARSENIC","0.014 MG/L","0.010 MG/L","RETURN TO COMPLIANCE","2012",91
"KERN",93285,54,28,"MCL,  AVERAGE","ARSENIC","0.015 MG/L","0.010 MG/L","RETURN TO COMPLIANCE","2013",90
"KERN",93285,54,28,"MCL,  AVERAGE","ARSENIC","0.014 MG/L","0.010 MG/L","FORMAL ENFORCEMENT ACTION ISSUED","2013",91
"KERN",93285,54,28,"MCL,  AVERAGE","ARSENIC","0.014 MG/L","0.010 MG/L","FORMAL ENFORCEMENT ACTION ISSUED","2014",90
"KERN",93285,54,28,"MCL,  AVERAGE","ARSENIC","0.017 MG/L","0.010 MG/L","RETURN TO COMPLIANCE","2014",91
"KERN",93285,54,28,"MCL,  AVERAGE","ARSENIC","0.016 MG/L","0.010 MG/L","RETURN TO COMPLIANCE","2015",90
"KERN",93285,54,28,"MCL,  AVERAGE","ARSENIC","0.018 MG/L","0.010 MG/L","RETURN TO COMPLIANCE","2015",91
"KERN",93285,54,28,"MCL,  AVERAGE","ARSENIC","0.018 MG/L","0.010 MG/L","RETURN TO COMPLIANCE","2016",120
"KERN",93560,60,28,"MCL,  AVERAGE","ARSENIC","0.011 MG/L","0.010 MG/L","RETURN TO COMPLIANCE","2013",89
"KERN",93561,109,37,"MCL,  AVERAGE","ARSENIC",".01300000 MG/L","0.010 MG/L","RETURN TO COMPLIANCE","2012",90
"KERN",93561,109,37,"MCL,  AVERAGE","ARSENIC","0.014 MG/L","0.010 MG/L","RETURN TO COMPLIANCE","2012",91
"KERN",93561,109,37,"MCL,  AVERAGE","ARSENIC","0.015 MG/L","0.010 MG/L","RETURN TO COMPLIANCE","2013",91
"KERN",93561,109,37,"MCL,  AVERAGE","ARSENIC","0.014 MG/L","0.010 MG/L","FORMAL ENFORCEMENT ACTION ISSUED","2014",90
"KERN",93561,109,37,"MCL,  AVERAGE","ARSENIC","0.013 MG/L","0.010 MG/L","RETURN TO COMPLIANCE","2014",91
"KERN",93531,94,50,"MCL, SINGLE SAMPLE","NITRATE","46.00000000 MG/L","45 MG/L","RETURN TO COMPLIANCE","2012",90
"KERN",93531,94,50,"MCL, SINGLE SAMPLE","NITRATE","46 MG/L","45 MG/L","FORMAL ENFORCEMENT ACTION ISSUED","2013",91
"KERN",93531,94,50,"MCL, SINGLE SAMPLE","NITRATE","47 MG/L","45 MG/L","RETURN TO COMPLIANCE","2014",91
"KERN",93531,94,50,"MCL, SINGLE SAMPLE","NITRATE","48 MG/L","45 MG/L","FORMAL ENFORCEMENT ACTION ISSUED","2015",89
"KERN",93280,48,18,"MCL,  AVERAGE","ARSENIC","0.014 MG/L","0.010 MG/L","RETURN TO COMPLIANCE","2014",89
"KERN",93280,48,18,"MCL,  AVERAGE","ARSENIC","0.014 MG/L","0.010 MG/L","RETURN TO COMPLIANCE","2014",91
"KERN",93280,48,18,"MCL,  AVERAGE","ARSENIC","0.014 MG/L","0.010 MG/L","FORMAL ENFORCEMENT ACTION ISSUED","2015",89
"KERN",93280,48,18,"MCL,  AVERAGE","ARSENIC","0.014 MG/L","0.010 MG/L","RETURN TO COMPLIANCE","2015",91
"KERN",93280,48,18,"MCL,  AVERAGE","ARSENIC","0.015 MG/L","0.010 MG/L","RETURN TO COMPLIANCE","2016",90
"KERN",93280,48,18,"MCL,  AVERAGE","ARSENIC","0.015 MG/L","0.010 MG/L","RETURN TO COMPLIANCE","2016",91
"KERN",93280,48,18,"MCL,  AVERAGE","ARSENIC","0.015 MG/L","0.010 MG/L","FORMAL ENFORCEMENT ACTION ISSUED","2017",89
"KERN",93596,2253,588,"MCL,  AVERAGE","ARSENIC",".03800000 MG/L","0.010 MG/L","FORMAL ENFORCEMENT ACTION ISSUED","2012",90
"KERN",93596,2253,588,"MCL,  AVERAGE","ARSENIC","0.038 MG/L","0.010 MG/L","FORMAL ENFORCEMENT ACTION ISSUED","2012",91
"KERN",93596,2253,588,"MCL,  AVERAGE","ARSENIC","0.038 MG/L","0.010 MG/L","FORMAL ENFORCEMENT ACTION ISSUED","2013",90
"KERN",93596,2253,588,"MCL,  AVERAGE","ARSENIC","0.037 MG/L","0.010 MG/L","FORMAL ENFORCEMENT ACTION ISSUED","2014",89
"KERN",93596,2253,588,"MCL,  AVERAGE","ARSENIC","0.040 MG/L","0.010 MG/L","FORMAL ENFORCEMENT ACTION ISSUED","2014",91
"KERN",93596,2253,588,"MCL,  AVERAGE","ARSENIC","0.038 MG/L","0.010 MG/L","FORMAL ENFORCEMENT ACTION ISSUED","2014",90
"KERN",93596,2253,588,"MCL,  AVERAGE","ARSENIC","0.040 MG/L","0.010 MG/L","RETURN TO COMPLIANCE","2015",91
"KERN",93596,2253,588,"MCL,  AVERAGE","ARSENIC","0.037 MG/L","0.010 MG/L","RETURN TO COMPLIANCE","2016",90
"KERN",93596,2253,588,"MCL,  AVERAGE","ARSENIC","0.038 MG/L","0.010 MG/L","FORMAL ENFORCEMENT ACTION ISSUED","2016",91
"KERN",93596,2253,588,"MCL,  AVERAGE","ARSENIC","0.043 MG/L","0.010 MG/L","FORMAL ENFORCEMENT ACTION ISSUED","2017",89
"KERN",93596,2253,588,"MCL,  AVERAGE","ARSENIC","0.041 MG/L","0.010 MG/L","FORMAL ENFORCEMENT ACTION ISSUED","2017",91
"KERN",93596,2253,588,"MCL,  AVERAGE","ARSENIC","0.041 MG/L","0.010 MG/L","FORMAL ENFORCEMENT ACTION ISSUED","2018",90
"KERN",93501,4200,1164,"MCL,  AVERAGE","ARSENIC",".01400000 MG/L","0.010 MG/L","RETURN TO COMPLIANCE","2012",90
"KERN",93501,4200,1164,"MCL,  AVERAGE","ARSENIC",".01400000 MG/L","0.010 MG/L","RETURN TO COMPLIANCE","2012",91
"KERN",93501,4200,1164,"MCL,  AVERAGE","ARSENIC","0.013 MG/L","0.010 MG/L","FORMAL ENFORCEMENT ACTION ISSUED","2013",89
"KERN",93501,4200,1164,"MCL,  AVERAGE","ARSENIC","0.014 MG/L","0.010 MG/L","FORMAL ENFORCEMENT ACTION ISSUED","2013",91
"KERN",93501,4200,1164,"MCL,  AVERAGE","ARSENIC","0.016 MG/L","0.010 MG/L","FORMAL ENFORCEMENT ACTION ISSUED","2014",89
"KERN",93501,4200,1164,"MCL,  AVERAGE","ARSENIC","0.015 MG/L","0.010 MG/L","FORMAL ENFORCEMENT ACTION ISSUED","2014",91
"KERN",93516,1036,251,"MCL,  AVERAGE","ARSENIC",".03500000 MG/L","0.010 MG/L","FORMAL ENFORCEMENT ACTION ISSUED","2012",90
"KERN",93516,1036,251,"MCL,  AVERAGE","ARSENIC",".03400000 MG/L","0.010 MG/L","FORMAL ENFORCEMENT ACTION ISSUED","2012",91
"KERN",93516,1036,251,"MCL,  AVERAGE","ARSENIC","0.031 MG/L","0.010 MG/L","FORMAL ENFORCEMENT ACTION ISSUED","2013",89
"KERN",93222,1600,2325,"MCL,  AVERAGE","ARSENIC",".02300000 MG/L","0.010 MG/L","RETURN TO COMPLIANCE","2012",90
"KERN",93222,1600,2325,"MCL,  AVERAGE","ARSENIC",".01300000 MG/L","0.010 MG/L","RETURN TO COMPLIANCE","2012",91
"KERN",93215,5300,2249,"MCL,  AVERAGE","ARSENIC",".01880000 MG/L","0.010 MG/L","FORMAL ENFORCEMENT ACTION ISSUED","2012",90
"KERN",93215,5300,2249,"MCL,  AVERAGE","ARSENIC",".01540000 MG/L","0.010 MG/L","FORMAL ENFORCEMENT ACTION ISSUED","2012",91
"KINGS",93245,300,7,"MCL,  AVERAGE","ARSENIC","25 MG/L","0.010 MG/L","FORMAL ENFORCEMENT ACTION ISSUED","2012",90
"KINGS",93245,300,7,"MCL,  AVERAGE","ARSENIC","23.5 MG/L","0.010 MG/L","RETURN TO COMPLIANCE","2012",90
"KINGS",93245,300,7,"MCL,  AVERAGE","ARSENIC","20 MG/L","0.010 MG/L","RETURN TO COMPLIANCE","2012",91
"KINGS",93245,300,7,"MCL,  AVERAGE","ARSENIC","28 MG/L","0.010 MG/L","FORMAL ENFORCEMENT ACTION ISSUED","2013",91
"KINGS",93245,300,7,"MCL,  AVERAGE","ARSENIC","23 MG/L","0.010 MG/L","FORMAL ENFORCEMENT ACTION ISSUED","2014",91
"KINGS",93230,40,16,"MCL,  AVERAGE","COMBINED URANIUM","34 PCI/L","20 PCI/L","RETURN TO COMPLIANCE","2012",91
"KINGS",93230,40,16,"MCL,  AVERAGE","COMBINED URANIUM","42 PCI/L","20 PCI/L","RETURN TO COMPLIANCE","2013",89
"KINGS",93230,40,16,"MCL,  AVERAGE","COMBINED URANIUM","50 PCI/L","20 PCI/L","FORMAL ENFORCEMENT ACTION ISSUED","2013",90
"KINGS",93230,40,16,"MCL,  AVERAGE","COMBINED URANIUM","37 PCI/L","20 PCI/L","RETURN TO COMPLIANCE","2014",89
"KINGS",93230,40,16,"MCL,  AVERAGE","COMBINED URANIUM","53.42 PCI/L","20 PCI/L","RETURN TO COMPLIANCE","2014",91
"KINGS",93230,40,16,"MCL,  AVERAGE","COMBINED URANIUM","47.72 PCI/L","20 PCI/L","RETURN TO COMPLIANCE","2015",89
"KINGS",93230,40,16,"MCL,  AVERAGE","COMBINED URANIUM","36 PCI/L","20 PCI/L","RETURN TO COMPLIANCE","2015",91
"LOS ANGELES",91750,33200,8559,"MCL, SINGLE SAMPLE","NITRATE","11 MG/L","10 MG/L","RETURN TO COMPLIANCE","2017",91
"MADERA",93601,300,91,"MCL,  AVERAGE","ARSENIC","0.0103 MG/L","0.010 MG/L","FORMAL ENFORCEMENT ACTION ISSUED","2012",90
"MADERA",93601,300,91,"MCL,  AVERAGE","COMBINED URANIUM","30.5 PCI/L","20 PCI/L","FORMAL ENFORCEMENT ACTION ISSUED","2012",90
"MADERA",93601,300,91,"MCL,  AVERAGE","COMBINED URANIUM","21.25 PCI/L","20 PCI/L","FORMAL ENFORCEMENT ACTION ISSUED","2012",90
"MADERA",93601,300,91,"MCL,  AVERAGE","COMBINED URANIUM","23 PCI/L","20 PCI/L","RETURN TO COMPLIANCE","2012",90
"MADERA",93601,300,91,"MCL,  AVERAGE","ARSENIC","0.0103 MG/L","0.010 MG/L","RETURN TO COMPLIANCE","2012",91
"MADERA",93601,300,91,"MCL,  AVERAGE","COMBINED URANIUM","26 PCI/L","20 PCI/L","RETURN TO COMPLIANCE","2013",89
"MADERA",93601,300,91,"MCL,  AVERAGE","ARSENIC","0.011 MG/L","0.010 MG/L","FORMAL ENFORCEMENT ACTION ISSUED","2013",91
"MADERA",93601,300,91,"MCL,  AVERAGE","ARSENIC","0.0107 MG/L","0.010 MG/L","FORMAL ENFORCEMENT ACTION ISSUED","2014",89
"MADERA",93601,300,91,"MCL,  AVERAGE","ARSENIC","0.0101 MG/L","0.010 MG/L","FORMAL ENFORCEMENT ACTION ISSUED","2014",91
"MADERA",93601,300,91,"MCL,  AVERAGE","ARSENIC","0.0105 MG/L","0.010 MG/L","FORMAL ENFORCEMENT ACTION ISSUED","2015",89
"MADERA",93601,300,91,"MCL, SINGLE SAMPLE","ARSENIC",".014 MG/L","0.010 MG/L","RETURN TO COMPLIANCE","2017",30
"MADERA",93601,300,91,"MCL, SINGLE SAMPLE","ARSENIC","0.014 MG/L","0.010 MG/L","INFORMAL ENFORCEMENT ACTION ISSUED","2017",29
"MADERA",93669,42,28,"MCL,  AVERAGE","COMBINED URANIUM","75.28 PCI/L","20 PCI/L","RETURN TO COMPLIANCE","2012",90
"MADERA",93669,42,28,"MCL,  AVERAGE","COMBINED URANIUM","51.75 PCI/L","20 PCI/L","RETURN TO COMPLIANCE","2013",88
"MADERA",93669,42,28,"MCL, SINGLE SAMPLE","URANIUM-238","39 PCI/L","20 PCI/L","RETURN TO COMPLIANCE","2015",364
"MADERA",93644,175,64,"MCL,  AVERAGE","ARSENIC","0.014 MG/L","0.010 MG/L","RETURN TO COMPLIANCE","2012",90
"MADERA",93643,45,24,"MCL,  AVERAGE","ARSENIC","0.013 MG/L","0.010 MG/L","FORMAL ENFORCEMENT ACTION ISSUED","2013",89
"MADERA",93643,45,24,"MCL,  AVERAGE","ARSENIC","0.014 MG/L","0.010 MG/L","RETURN TO COMPLIANCE","2013",91
"MADERA",93643,45,24,"MCL,  AVERAGE","ARSENIC","0.0119 MG/L","0.010 MG/L","RETURN TO COMPLIANCE","2014",90
"MADERA",93643,45,24,"MCL,  AVERAGE","ARSENIC","0.0117 MG/L","0.010 MG/L","RETURN TO COMPLIANCE","2014",91
"MADERA",93643,45,24,"MCL,  AVERAGE","ARSENIC","0.013 MG/L","0.010 MG/L","RETURN TO COMPLIANCE","2012",90
"MADERA",93644,100,43,"MCL, SINGLE SAMPLE","ARSENIC",".0255 MG/L","0.010 MG/L","RETURN TO COMPLIANCE","2017",30
"MADERA",93644,100,43,"MCL, SINGLE SAMPLE","ARSENIC",".015 MG/L",".010 MG/L","RETURN TO COMPLIANCE","2017",29
"MADERA",93610,3501,667,"MCL,  AVERAGE","ARSENIC","0.0108 MG/L","0.010 MG/L","STATE INTENTIONAL NO ACTION TAKEN","2012",91
"MADERA",93610,3501,667,"MCL,  AVERAGE","ARSENIC","0.011 MG/L","0.010 MG/L","FORMAL ENFORCEMENT ACTION ISSUED","2013",89
"MADERA",93610,3501,667,"MCL,  AVERAGE","ARSENIC","0.011 MG/L","0.010 MG/L","RETURN TO COMPLIANCE","2013",91
"MADERA",93610,3501,667,"MCL,  AVERAGE","ARSENIC","0.011 MG/L","0.010 MG/L","STATE INTENTIONAL NO ACTION TAKEN","2013",91
"MADERA",93610,3501,667,"MCL,  AVERAGE","ARSENIC","0.0109 MG/L","0.010 MG/L","STATE INTENTIONAL NO ACTION TAKEN","2014",89
"MADERA",93610,3501,667,"MCL,  AVERAGE","ARSENIC","0.013 MG/L","0.010 MG/L","RETURN TO COMPLIANCE","2014",91
"MADERA",93610,3501,667,"MCL,  AVERAGE","ARSENIC","13.0 UG/L","10 UG/L","RETURN TO COMPLIANCE","2015",91
"MARIPOSA",95318,28,10,"MCL,  AVERAGE","ARSENIC",".01675000 MG/L","0.010 MG/L","FORMAL ENFORCEMENT ACTION ISSUED","2012",90
"MARIPOSA",95318,28,10,"MCL,  AVERAGE","ARSENIC",".01700000 MG/L","0.010 MG/L","RETURN TO COMPLIANCE","2012",91
"MARIPOSA",95318,28,10,"MCL,  AVERAGE","ARSENIC","0.031 MG/L","0.010 MG/L","FORMAL ENFORCEMENT ACTION ISSUED","2013",90
"MERCED",95301,110,3,"MCL, SINGLE SAMPLE","NITRATE","63 MG/L","45 MG/L","FORMAL ENFORCEMENT ACTION ISSUED","2014",90
"MERCED",95301,110,3,"MCL, SINGLE SAMPLE","NITRATE","12 MG/L","10 MG/L","RETURN TO COMPLIANCE","2015",91
"MERCED",95301,110,3,"MCL, SINGLE SAMPLE","NITRATE","20 MG/L","10 MG/L","FORMAL ENFORCEMENT ACTION ISSUED","2016",30
"MERCED",95301,110,3,"MCL, SINGLE SAMPLE","NITRATE","21.0 MG/L","10.0 MG/L","FORMAL ENFORCEMENT ACTION ISSUED","2017",89
"MONTEREY",93907,503,1,"MCL, SINGLE SAMPLE","ARSENIC",".025 MG/L","0.010 MG/L","FORMAL ENFORCEMENT ACTION ISSUED","2012",90
"MONTEREY",93907,503,1,"MCL, SINGLE SAMPLE","ARSENIC",".028 MG/L","0.010 MG/L","RETURN TO COMPLIANCE","2012",91
"MONTEREY",93907,503,1,"MCL,  AVERAGE","ARSENIC",".1125 MG/L","0.010 MG/L","OTHER INFORMAL ENFORCEMENT ACTION TAKEN","2013",30
"MONTEREY",93908,162,58,"MCL, SINGLE SAMPLE","ARSENIC",".017 MG/L","0.010 MG/L","FORMAL ENFORCEMENT ACTION ISSUED","2012",90
"MONTEREY",93908,162,58,"MCL,  AVERAGE","ARSENIC",".015 MG/L","0.010 MG/L","RETURN TO COMPLIANCE","2012",90
"MONTEREY",93908,162,58,"MCL, SINGLE SAMPLE","ARSENIC",".014 MG/L","0.010 MG/L","FORMAL ENFORCEMENT ACTION ISSUED","2012",91
"MONTEREY",93908,162,58,"MCL, SINGLE SAMPLE","ARSENIC",".011 MG/L","0.010 MG/L","RETURN TO COMPLIANCE","2013",89
"MONTEREY",93908,162,58,"MCL, SINGLE SAMPLE","ARSENIC",".013 MG/L","0.010 MG/L","FORMAL ENFORCEMENT ACTION ISSUED","2013",90
"MONTEREY",93908,162,58,"MCL,  AVERAGE","ARSENIC",".013 MG/L","0.010 MG/L","FORMAL ENFORCEMENT ACTION ISSUED","2014",90
"MONTEREY",93908,162,58,"MCL,  AVERAGE","ARSENIC",".016 MG/L","0.010 MG/L","OTHER INFORMAL ENFORCEMENT ACTION TAKEN","2014",91
"MONTEREY",93908,162,58,"MCL,  AVERAGE","ARSENIC",".019 MG/L","0.010 MG/L","FORMAL ENFORCEMENT ACTION ISSUED","2014",91
"MONTEREY",93908,162,58,"MCL,  AVERAGE","ARSENIC",".022 MG/L","0.010 MG/L","RETURN TO COMPLIANCE","2015",89
"MONTEREY",93908,162,58,"MCL,  AVERAGE","ARSENIC",".011 MG/L","0.010 MG/L","RETURN TO COMPLIANCE","2015",90
"MONTEREY",93908,162,58,"MCL,  AVERAGE","ARSENIC",".011 MG/L","0.010 MG/L","FORMAL ENFORCEMENT ACTION ISSUED","2015",91
"MONTEREY",93908,162,58,"MCL,  AVERAGE","ARSENIC",".011 MG/L",".010 MG/L","FORMAL ENFORCEMENT ACTION ISSUED","2016",90
"MONTEREY",93908,162,58,"MCL,  AVERAGE","ARSENIC",".011 MG/L",".010 MG/L","FORMAL ENFORCEMENT ACTION ISSUED","2016",91
"MONTEREY",93908,162,58,"MCL,  AVERAGE","ARSENIC",".011 MG/L",".010 MG/L","OTHER INFORMAL ENFORCEMENT ACTION TAKEN","2017",89
"MONTEREY",93907,252,84,"MCL,  AVERAGE","ARSENIC",".013 MG/L","0.010 MG/L","INFORMAL ENFORCEMENT ACTION ISSUED","2013",29
"MONTEREY",93907,252,84,"MCL,  AVERAGE","ARSENIC",".019 MG/L","0.010 MG/L","RETURN TO COMPLIANCE","2013",30
"MONTEREY",93907,252,84,"MCL,  AVERAGE","ARSENIC",".047 MG/L","0.010 MG/L","RETURN TO COMPLIANCE","2014",91
"MONTEREY",93908,150,31,"MCL, SINGLE SAMPLE","NITRATE","64. MG/L","45 MG/L","FORMAL ENFORCEMENT ACTION ISSUED","2012",30
"MONTEREY",93908,150,31,"MCL, SINGLE SAMPLE","NITRATE","67. MG/L","45 MG/L","RETURN TO COMPLIANCE","2012",90
"MONTEREY",93908,150,31,"MCL, SINGLE SAMPLE","NITRATE","71 MG/L","45 MG/L","FORMAL ENFORCEMENT ACTION ISSUED","2012",91
"MONTEREY",93908,150,31,"MCL, SINGLE SAMPLE","NITRATE","69. MG/L","45 MG/L","RETURN TO COMPLIANCE","2012",91
"MONTEREY",93908,150,31,"MCL, SINGLE SAMPLE","NITRATE","67. MG/L","45 MG/L","FORMAL ENFORCEMENT ACTION ISSUED","2013",89
"MONTEREY",93908,150,31,"MCL, SINGLE SAMPLE","NITRATE","73. MG/L","45 MG/L","INFORMAL ENFORCEMENT ACTION ISSUED","2013",91
"MONTEREY",93908,150,31,"MCL, SINGLE SAMPLE","NITRATE","68. MG/L","45 MG/L","RETURN TO COMPLIANCE","2014",89
"MONTEREY",93908,150,31,"MCL, SINGLE SAMPLE","NITRATE","73. MG/L","45 MG/L","FORMAL ENFORCEMENT ACTION ISSUED","2014",90
"MONTEREY",93908,150,31,"MCL, SINGLE SAMPLE","NITRATE","86. MG/L","45 MG/L","OTHER INFORMAL ENFORCEMENT ACTION TAKEN","2014",91
"MONTEREY",93908,90,35,"MCL,  AVERAGE","ARSENIC",".015 MG/L","0.010 MG/L","FORMAL ENFORCEMENT ACTION ISSUED","2012",90
"MONTEREY",93908,90,35,"MCL, SINGLE SAMPLE","ARSENIC",".011 MG/L","0.010 MG/L","FORMAL ENFORCEMENT ACTION ISSUED","2012",91
"MONTEREY",93908,90,35,"MCL, SINGLE SAMPLE","ARSENIC",".016 MG/L","0.010 MG/L","FORMAL ENFORCEMENT ACTION ISSUED","2013",90
"MONTEREY",93908,90,35,"MCL, SINGLE SAMPLE","ARSENIC",".013 MG/L","0.010 MG/L","OTHER INFORMAL ENFORCEMENT ACTION TAKEN","2013",91
"MONTEREY",93908,90,35,"MCL, SINGLE SAMPLE","ARSENIC",".018 MG/L","0.010 MG/L","OTHER INFORMAL ENFORCEMENT ACTION TAKEN","2013",61
"MONTEREY",93908,90,35,"MCL,  AVERAGE","ARSENIC",".023 MG/L","0.010 MG/L","RETURN TO COMPLIANCE","2014",91
"MONTEREY",93908,90,35,"MCL,  AVERAGE","ARSENIC",".012 MG/L","0.010 MG/L","RETURN TO COMPLIANCE","2014",91
"MONTEREY",93907,81,30,"MCL, SINGLE SAMPLE","ARSENIC",".110 MG/L","0.010 MG/L","OTHER INFORMAL ENFORCEMENT ACTION TAKEN","2012",30
"MONTEREY",93907,81,30,"MCL, SINGLE SAMPLE","ARSENIC",".057 MG/L","0.010 MG/L","RETURN TO COMPLIANCE","2012",91
"MONTEREY",93907,81,30,"MCL, SINGLE SAMPLE","ARSENIC",".055 MG/L","0.010 MG/L","RETURN TO COMPLIANCE","2013",89
"MONTEREY",93907,81,30,"MCL, SINGLE SAMPLE","ARSENIC",".052 MG/L","0.010 MG/L","FORMAL ENFORCEMENT ACTION ISSUED","2013",90
"MONTEREY",93907,81,30,"MCL, SINGLE SAMPLE","ARSENIC",".049 MG/L","0.010 MG/L","RETURN TO COMPLIANCE","2013",91
"MONTEREY",93907,81,30,"MCL, SINGLE SAMPLE","ARSENIC",".063 MG/L","0.010 MG/L","RETURN TO COMPLIANCE","2014",89
"MONTEREY",93908,57,19,"MCL,  AVERAGE","ARSENIC",".012 MG/L","0.010 MG/L","FORMAL ENFORCEMENT ACTION ISSUED","2012",90
"MONTEREY",93908,57,19,"MCL, SINGLE SAMPLE","ARSENIC",".011 MG/L","0.010 MG/L","OTHER INFORMAL ENFORCEMENT ACTION TAKEN","2012",91
"MONTEREY",93908,57,19,"MCL, SINGLE SAMPLE","ARSENIC",".011 MG/L","0.010 MG/L","OTHER INFORMAL ENFORCEMENT ACTION TAKEN","2013",89
"MONTEREY",93908,57,19,"MCL,  AVERAGE","ARSENIC",".011 MG/L","0.010 MG/L","FORMAL ENFORCEMENT ACTION ISSUED","2014",90
"MONTEREY",93908,57,19,"MCL,  AVERAGE","ARSENIC",".012 MG/L","0.010 MG/L","RETURN TO COMPLIANCE","2014",91
"MONTEREY",93908,57,19,"MCL,  AVERAGE","ARSENIC",".012 MG/L","0.010 MG/L","FORMAL ENFORCEMENT ACTION ISSUED","2015",89
"MONTEREY",93908,57,19,"MCL,  AVERAGE","ARSENIC",".011 MG/L","0.010 MG/L","OTHER INFORMAL ENFORCEMENT ACTION TAKEN","2015",90
"MONTEREY",93908,57,19,"MCL,  AVERAGE","ARSENIC",".011 MG/L","0.010 MG/L","OTHER INFORMAL ENFORCEMENT ACTION TAKEN","2015",101
"MONTEREY",93908,57,19,"MCL,  AVERAGE","ARSENIC",".011 MG/L","0.010 MG/L","OTHER INFORMAL ENFORCEMENT ACTION TAKEN","2015",90
"MONTEREY",93908,57,19,"MCL,  AVERAGE","ARSENIC",".011 MG/L","0.010 MG/L","OTHER INFORMAL ENFORCEMENT ACTION TAKEN","2016",89
"MONTEREY",93908,57,19,"MCL,  AVERAGE","ARSENIC",".012 MG/L","0.010 MG/L","FORMAL ENFORCEMENT ACTION ISSUED","2016",90
"MONTEREY",93908,57,19,"MCL,  AVERAGE","ARSENIC",".012 MG/L",".010 MG/L","FORMAL ENFORCEMENT ACTION ISSUED","2016",91
"MONTEREY",93908,57,19,"MCL,  AVERAGE","ARSENIC",".012 MG/L",".010 MG/L","FORMAL ENFORCEMENT ACTION ISSUED","2017",89
"MONTEREY",93907,57,19,"MCL, SINGLE SAMPLE","ARSENIC",".020 MG/L","0.010 MG/L","OTHER INFORMAL ENFORCEMENT ACTION TAKEN","2012",91
"MONTEREY",93907,57,19,"MCL, SINGLE SAMPLE","ARSENIC",".021 MG/L","0.010 MG/L","RETURN TO COMPLIANCE","2012",91
"MONTEREY",93907,57,19,"MCL, SINGLE SAMPLE","ARSENIC",".022 MG/L","0.010 MG/L","OTHER INFORMAL ENFORCEMENT ACTION TAKEN","2013",89
"MONTEREY",93907,57,19,"MCL, SINGLE SAMPLE","ARSENIC",".022 MG/L","0.010 MG/L","OTHER INFORMAL ENFORCEMENT ACTION TAKEN","2013",90
"MONTEREY",93907,57,19,"MCL, SINGLE SAMPLE","ARSENIC",".022 MG/L","0.010 MG/L","FORMAL ENFORCEMENT ACTION ISSUED","2013",91
"NEVADA",95728,395,252,"MCL,  AVERAGE","ARSENIC",".01800000 MG/L","0.010 MG/L","RETURN TO COMPLIANCE","2012",90
"PLUMAS",96122,2500,993,"MCL,  AVERAGE","ARSENIC",".01800000 MG/L","0.010 MG/L","RETURN TO COMPLIANCE","2012",90
"PLUMAS",96122,2500,993,"MCL,  AVERAGE","ARSENIC",".02200000 MG/L","0.010 MG/L","INFORMAL ENFORCEMENT ACTION ISSUED","2012",90
"PLUMAS",96122,2500,993,"MCL,  AVERAGE","ARSENIC","0.015 MG/L",NA,"FORMAL ENFORCEMENT ACTION ISSUED","2013",91
"RIVERSIDE",92883,200,114,"MCL, SINGLE SAMPLE","NITRATE","12 MG/L","10 MG/L","FORMAL ENFORCEMENT ACTION ISSUED","2017",90
"RIVERSIDE",92883,200,114,"MCL, SINGLE SAMPLE","NITRATE","11 MG/L",NA,"RETURN TO COMPLIANCE","2018",89
"RIVERSIDE",92530,25,80,"MCL,  AVERAGE","ARSENIC","0.0135 MG/L","0.010 MG/L","RETURN TO COMPLIANCE","2012",90
"RIVERSIDE",92530,25,80,"MCL,  AVERAGE","COMBINED URANIUM","31 PCI/L","20 PCI/L","FORMAL ENFORCEMENT ACTION ISSUED","2012",90
"RIVERSIDE",92530,25,80,"MCL,  AVERAGE","ARSENIC","0.014 MG/L","0.010 MG/L","RETURN TO COMPLIANCE","2012",91
"RIVERSIDE",92530,25,80,"MCL,  AVERAGE","COMBINED URANIUM","28.5 PCI/L","20 PCI/L","RETURN TO COMPLIANCE","2012",91
"RIVERSIDE",92530,25,80,"MCL,  AVERAGE","ARSENIC","0.013 MG/L","0.010 MG/L","RETURN TO COMPLIANCE","2013",89
"RIVERSIDE",92530,25,80,"MCL,  AVERAGE","COMBINED URANIUM","29 PCI/L","20 PCI/L","FORMAL ENFORCEMENT ACTION ISSUED","2013",89
"RIVERSIDE",92530,25,80,"MCL,  AVERAGE","COMBINED URANIUM","34.65 PCI/L","20 PCI/L","RETURN TO COMPLIANCE","2015",121
"RIVERSIDE",92530,25,80,"MCL,  AVERAGE","COMBINED URANIUM","40 PCI/L","20 PCI/L","FORMAL ENFORCEMENT ACTION ISSUED","2014",91
"RIVERSIDE",92530,25,80,"MCL,  AVERAGE","COMBINED URANIUM","37 PCI/L","20 PCI/L","RETURN TO COMPLIANCE","2014",91
"RIVERSIDE",92530,25,80,"MCL,  AVERAGE","COMBINED URANIUM","37.25 PCI/L","20 PCI/L","FORMAL ENFORCEMENT ACTION ISSUED","2015",89
"RIVERSIDE",92530,25,80,"MCL,  AVERAGE","COMBINED URANIUM","34.65 PCI/L","20 PCI/L","RETURN TO COMPLIANCE","2015",91
"RIVERSIDE",92530,25,80,"MCL,  AVERAGE","ARSENIC","0.015 MG/L","0.010 MG/L","RETURN TO COMPLIANCE","2016",90
"RIVERSIDE",92530,25,80,"MCL,  AVERAGE","COMBINED URANIUM","38 PCI/L","20 PCI/L","RETURN TO COMPLIANCE","2016",90
"RIVERSIDE",92693,168,74,"MCL, SINGLE SAMPLE","NITRATE","11.7 MG/L","10 MG/L","RETURN TO COMPLIANCE","2017",89
"RIVERSIDE",92693,168,74,"MCL, SINGLE SAMPLE","NITRATE","11.1 MG/L",NA,"FORMAL ENFORCEMENT ACTION ISSUED","2017",91
"RIVERSIDE",92545,29982,9301,"MCL, SINGLE SAMPLE","NITRATE","47 MG/L","45 MG/L","FORMAL ENFORCEMENT ACTION ISSUED","2014",30
"RIVERSIDE",92226,6000,2143,"MCL,  AVERAGE","ARSENIC","0.011 MG/L","0.010 MG/L","RETURN TO COMPLIANCE","2013",89
"SACRAMENTO",95641,100,50,"MCL,  AVERAGE","ARSENIC",".024 MG/L","0.010 MG/L","FORMAL ENFORCEMENT ACTION ISSUED","2012",90
"SACRAMENTO",95641,100,50,"MCL,  AVERAGE","ARSENIC",".013 MG/L","0.010 MG/L","RETURN TO COMPLIANCE","2012",91
"SACRAMENTO",95757,650,11,"MCL,  AVERAGE","ARSENIC",".017175 MG/L","0.010 MG/L","OTHER INFORMAL ENFORCEMENT ACTION TAKEN","2012",90
"SACRAMENTO",95757,650,11,"MCL,  AVERAGE","ARSENIC",".016125 MG/L","0.010 MG/L","FORMAL ENFORCEMENT ACTION ISSUED","2012",90
"SACRAMENTO",95690,30,2,"MCL,  AVERAGE","ARSENIC",".018 MG/L","0.010 MG/L","RETURN TO COMPLIANCE","2012",90
"SACRAMENTO",95690,30,2,"MCL,  AVERAGE","ARSENIC",".01775 MG/L","0.010 MG/L","FORMAL ENFORCEMENT ACTION ISSUED","2012",90
"SACRAMENTO",95690,30,2,"MCL,  AVERAGE","ARSENIC",".01725 MG/L","0.010 MG/L","FORMAL ENFORCEMENT ACTION ISSUED","2012",91
"SACRAMENTO",95690,30,2,"MCL,  AVERAGE","ARSENIC",".01725 MG/L","0.010 MG/L","RETURN TO COMPLIANCE","2013",89
"SACRAMENTO",95690,30,2,"MCL,  AVERAGE","ARSENIC",".01775 MG/L","0.010 MG/L","FORMAL ENFORCEMENT ACTION ISSUED","2013",90
"SACRAMENTO",95690,30,2,"MCL,  AVERAGE","ARSENIC",".018 MG/L","0.010 MG/L","RETURN TO COMPLIANCE","2013",91
"SACRAMENTO",95690,30,2,"MCL,  AVERAGE","ARSENIC",".0165 MG/L","0.010 MG/L","FORMAL ENFORCEMENT ACTION ISSUED","2014",89
"SACRAMENTO",95690,30,2,"MCL,  AVERAGE","ARSENIC",".01575 MG/L","0.010 MG/L","RETURN TO COMPLIANCE","2014",90
"SACRAMENTO",95690,30,2,"MCL,  AVERAGE","ARSENIC",".015 MG/L","0.010 MG/L","FORMAL ENFORCEMENT ACTION ISSUED","2014",91
"SACRAMENTO",95690,30,2,"MCL,  AVERAGE","ARSENIC",".0153 MG/L","0.010 MG/L","FORMAL ENFORCEMENT ACTION ISSUED","2015",89
"SACRAMENTO",95690,30,2,"MCL,  AVERAGE","ARSENIC",".015 MG/L","0.010 MG/L","FORMAL ENFORCEMENT ACTION ISSUED","2015",90
"SACRAMENTO",94571,40,22,"MCL,  AVERAGE","ARSENIC","0.0355 MG/L","0.010 MG/L","RETURN TO COMPLIANCE","2012",90
"SACRAMENTO",94571,40,22,"MCL,  AVERAGE","ARSENIC",".035 MG/L","0.010 MG/L","RETURN TO COMPLIANCE","2012",90
"SACRAMENTO",94571,40,22,"MCL,  AVERAGE","ARSENIC",".035 MG/L","0.010 MG/L","FORMAL ENFORCEMENT ACTION ISSUED","2012",91
"SACRAMENTO",94571,40,22,"MCL,  AVERAGE","ARSENIC",".037 MG/L","0.010 MG/L","FORMAL ENFORCEMENT ACTION ISSUED","2012",91
"SACRAMENTO",94571,40,22,"MCL,  AVERAGE","ARSENIC",".03875 MG/L","0.010 MG/L","OTHER INFORMAL ENFORCEMENT ACTION TAKEN","2013",89
"SACRAMENTO",94571,40,22,"MCL,  AVERAGE","ARSENIC",".0405 MG/L","0.010 MG/L","OTHER INFORMAL ENFORCEMENT ACTION TAKEN","2013",90
"SACRAMENTO",94571,40,22,"MCL,  AVERAGE","ARSENIC",".040 MG/L","0.010 MG/L","RETURN TO COMPLIANCE","2013",91
"SACRAMENTO",94571,40,22,"MCL,  AVERAGE","ARSENIC",".03775 MG/L","0.010 MG/L","RETURN TO COMPLIANCE","2013",91
"SACRAMENTO",94571,40,22,"MCL,  AVERAGE","ARSENIC",".03825 MG/L","0.010 MG/L","RETURN TO COMPLIANCE","2014",89
"SACRAMENTO",94571,40,22,"MCL,  AVERAGE","ARSENIC",".03825 MG/L","0.010 MG/L","OTHER INFORMAL ENFORCEMENT ACTION TAKEN","2014",90
"SACRAMENTO",94571,40,22,"MCL,  AVERAGE","ARSENIC",".038 MG/L","0.010 MG/L","FORMAL ENFORCEMENT ACTION ISSUED","2014",91
"SACRAMENTO",94571,40,22,"MCL,  AVERAGE","ARSENIC",".0385 MG/L","0.010 MG/L","FORMAL ENFORCEMENT ACTION ISSUED","2015",89
"SACRAMENTO",94571,40,22,"MCL,  AVERAGE","ARSENIC",".03775 MG/L","0.010 MG/L","FORMAL ENFORCEMENT ACTION ISSUED","2015",90
"SACRAMENTO",94571,40,22,"MCL,  AVERAGE","ARSENIC",".038 MG/L","0.010 MG/L","FORMAL ENFORCEMENT ACTION ISSUED","2015",91
"SACRAMENTO",94571,40,22,"MCL,  AVERAGE","ARSENIC",".035 MG/L","0.010 MG/L","FORMAL ENFORCEMENT ACTION ISSUED","2016",90
"SACRAMENTO",94571,40,22,"MCL,  AVERAGE","ARSENIC","0.0365 MG/L","0.010 MG/L","FORMAL ENFORCEMENT ACTION ISSUED","2016",90
"SACRAMENTO",94571,40,22,"MCL,  AVERAGE","ARSENIC","13 UG/L","10 UG/L","INFORMAL ENFORCEMENT ACTION ISSUED","2017",91
"SAN BENITO",95023,150,37,"MCL,  AVERAGE","COMBINED URANIUM","25 PCI/L","20 PCI/L","FORMAL ENFORCEMENT ACTION ISSUED","2016",90
"SAN BENITO",95023,150,37,"MCL,  AVERAGE","COMBINED URANIUM","24 PCI/L","20 PCI/L","FORMAL ENFORCEMENT ACTION ISSUED","2016",91
"SAN BENITO",95023,150,37,"MCL,  AVERAGE","COMBINED URANIUM","23 PCI/L","20 PCI/L","FORMAL ENFORCEMENT ACTION ISSUED","2017",89
"SAN BENITO",95023,150,37,"MCL,  AVERAGE","COMBINED URANIUM","22 PCI/L","20 PCI/L","RETURN TO COMPLIANCE","2017",91
"SAN BERNARDINO",92310,16000,3326,"MCL,  AVERAGE","ARSENIC",".03000000 MG/L","0.010 MG/L","RETURN TO COMPLIANCE","2012",90
"SAN BERNARDINO",92310,16000,3326,"MCL,  AVERAGE","ARSENIC",".03000000 MG/L","0.010 MG/L","RETURN TO COMPLIANCE","2012",90
"SAN BERNARDINO",92310,16000,3326,"MCL,  AVERAGE","ARSENIC",".03000000 MG/L","0.010 MG/L","RETURN TO COMPLIANCE","2012",91
"SAN BERNARDINO",92310,16000,3326,"MCL,  AVERAGE","ARSENIC","0.031 MG/L","0.010 MG/L","FORMAL ENFORCEMENT ACTION ISSUED","2012",91
"SAN BERNARDINO",92310,16000,3326,"MCL,  AVERAGE","ARSENIC","0.033 MG/L","0.010 MG/L","FORMAL ENFORCEMENT ACTION ISSUED","2013",89
"SAN BERNARDINO",92310,16000,3326,"MCL,  AVERAGE","ARSENIC","0.031 MG/L","0.010 MG/L","RETURN TO COMPLIANCE","2013",90
"SAN BERNARDINO",92310,16000,3326,"MCL,  AVERAGE","ARSENIC","0.031 MG/L","0.010 MG/L","FORMAL ENFORCEMENT ACTION ISSUED","2013",91
"SAN BERNARDINO",92310,16000,3326,"MCL,  AVERAGE","ARSENIC","0.032 MG/L","0.010 MG/L","FORMAL ENFORCEMENT ACTION ISSUED","2014",89
"SAN BERNARDINO",92310,16000,3326,"MCL,  AVERAGE","ARSENIC","0.032 MG/L","0.010 MG/L","FORMAL ENFORCEMENT ACTION ISSUED","2014",90
"SAN BERNARDINO",92310,16000,3326,"MCL,  AVERAGE","ARSENIC","0.033 MG/L","0.010 MG/L","FORMAL ENFORCEMENT ACTION ISSUED","2014",91
"SAN BERNARDINO",92310,16000,3326,"MCL,  AVERAGE","ARSENIC","0.032 MG/L","0.010 MG/L","FORMAL ENFORCEMENT ACTION ISSUED","2014",91
"SAN BERNARDINO",92310,16000,3326,"MCL,  AVERAGE","ARSENIC","0.033 MG/L","0.010 MG/L","FORMAL ENFORCEMENT ACTION ISSUED","2015",89
"SAN BERNARDINO",92310,16000,3326,"MCL,  AVERAGE","ARSENIC","0.032 MG/L","0.010 MG/L","RETURN TO COMPLIANCE","2015",90
"SAN BERNARDINO",92310,16000,3326,"MCL,  AVERAGE","ARSENIC","0.032 MG/L","0.010 MG/L","FORMAL ENFORCEMENT ACTION ISSUED","2015",91
"SAN BERNARDINO",92310,16000,3326,"MCL,  AVERAGE","ARSENIC","0.032 MG/L","0.010 MG/L","RETURN TO COMPLIANCE","2015",91
"SAN BERNARDINO",92310,16000,3326,"MCL,  AVERAGE","ARSENIC","0.031 MG/L","0.010 MG/L","FORMAL ENFORCEMENT ACTION ISSUED","2016",90
"SAN BERNARDINO",92310,16000,3326,"MCL,  AVERAGE","ARSENIC","0.032 MG/L","0.010 MG/L","RETURN TO COMPLIANCE","2016",90
"SAN BERNARDINO",93592,2000,790,"MCL,  AVERAGE","ARSENIC",".02750000 MG/L","0.010 MG/L","RETURN TO COMPLIANCE","2012",90
"SAN BERNARDINO",93592,2000,790,"MCL,  AVERAGE","ARSENIC","0.025 MG/L","0.010 MG/L","FORMAL ENFORCEMENT ACTION ISSUED","2012",91
"SAN BERNARDINO",93592,2000,790,"MCL,  AVERAGE","ARSENIC","0.023 MG/L","0.010 MG/L","FORMAL ENFORCEMENT ACTION ISSUED","2013",89
"SAN DIEGO",92071,150,58,"MCL,  AVERAGE","COMBINED URANIUM","46.9 PCI/L","20 PCI/L","RETURN TO COMPLIANCE","2014",90
"SAN DIEGO",92071,150,58,"MCL,  AVERAGE","COMBINED URANIUM","51.45 PCI/L","20 PCI/L","FORMAL ENFORCEMENT ACTION ISSUED","2014",91
"SAN DIEGO",92071,150,58,"MCL,  AVERAGE","COMBINED URANIUM","32.5 PCI/L","20 PCI/L","FORMAL ENFORCEMENT ACTION ISSUED","2015",90
"SAN DIEGO",91906,670,205,"MCL, SINGLE SAMPLE","NITRATE","45.20000000 MG/L","45 MG/L","RETURN TO COMPLIANCE","2012",90
"SAN DIEGO",91906,670,205,"MCL,  AVERAGE","COMBINED URANIUM","34.10000000 PCI/L","20 PCI/L","FORMAL ENFORCEMENT ACTION ISSUED","2012",90
"SAN DIEGO",91906,670,205,"MCL, SINGLE SAMPLE","NITRATE","51.5 MG/L","45 MG/L","RETURN TO COMPLIANCE","2013",89
"SAN DIEGO",91906,670,205,"MCL,  AVERAGE","COMBINED URANIUM","45.9 PCI/L","20 PCI/L","RETURN TO COMPLIANCE","2012",91
"SAN DIEGO",91906,670,205,"MCL, SINGLE SAMPLE","NITRATE","130 MG/L","45 MG/L","RETURN TO COMPLIANCE","2014",91
"SAN DIEGO",91906,670,205,"MCL, SINGLE SAMPLE","NITRATE","50.1 MG/L","45 MG/L","FORMAL ENFORCEMENT ACTION ISSUED","2015",89
"SAN DIEGO",91906,670,205,"MCL,  AVERAGE","COMBINED URANIUM","35.7 PCI/L","20 PCI/L","FORMAL ENFORCEMENT ACTION ISSUED","2014",90
"SAN DIEGO",91906,670,205,"MCL,  AVERAGE","COMBINED URANIUM","36.7 PCI/L","20 PCI/L","RETURN TO COMPLIANCE","2014",91
"SAN DIEGO",92027,100,125,"MCL,  AVERAGE","COMBINED URANIUM","89.4 PCI/L","20 PCI/L","RETURN TO COMPLIANCE","2016",90
"SAN JOAQUIN",95215,100,50,"MCL,  AVERAGE","NITRATE","46 MG/L","45 MG/L","INFORMAL ENFORCEMENT ACTION ISSUED","2012",91
"SAN JOAQUIN",95215,100,50,"MCL,  AVERAGE","NITRATE","48 MG/L","45 MG/L","INFORMAL ENFORCEMENT ACTION ISSUED","2013",89
"SAN JOAQUIN",95215,100,50,"MCL,  AVERAGE","NITRATE","52.08 MG/L","45 MG/L","INFORMAL ENFORCEMENT ACTION ISSUED","2013",91
"SAN JOAQUIN",95215,100,50,"MCL, SINGLE SAMPLE","NITRATE","53.7 MG/L","45 MG/L","INFORMAL ENFORCEMENT ACTION ISSUED","2014",89
"SAN JOAQUIN",95215,100,50,"MCL,  AVERAGE","NITRATE","50.8 MG/L","45 MG/L","RETURN TO COMPLIANCE","2014",91
"SAN JOAQUIN",95215,100,50,"MCL, SINGLE SAMPLE","NITRATE","49.5 MG/L","45 MG/L","INFORMAL ENFORCEMENT ACTION ISSUED","2015",89
"SAN JOAQUIN",95215,100,50,"MCL, SINGLE SAMPLE","NITRATE","11.3 MG/L","10 MG/L","RETURN TO COMPLIANCE","2016",90
"SAN JOAQUIN",95376,98,38,"MCL,  AVERAGE","NITRATE","46.85 MG/L","45 MG/L","OTHER INFORMAL ENFORCEMENT ACTION TAKEN","2013",91
"SAN JOAQUIN",95204,35,15,"MCL,  AVERAGE","ARSENIC","12 MG/L","0.010 MG/L","INFORMAL ENFORCEMENT ACTION ISSUED","2012",90
"SAN JOAQUIN",95204,35,15,"MCL,  AVERAGE","ARSENIC","12 MG/L","0.010 MG/L","RETURN TO COMPLIANCE","2012",91
"SAN JOAQUIN",95204,35,15,"MCL,  AVERAGE","ARSENIC","12 MG/L","0.010 MG/L","INFORMAL ENFORCEMENT ACTION ISSUED","2013",89
"SAN JOAQUIN",95204,35,15,"MCL,  AVERAGE","ARSENIC","10.9 MG/L","0.010 MG/L","INFORMAL ENFORCEMENT ACTION ISSUED","2013",91
"SAN JOAQUIN",95204,35,15,"MCL,  AVERAGE","ARSENIC","10.5 MG/L","0.010 MG/L","INFORMAL ENFORCEMENT ACTION ISSUED","2014",89
"SAN JOAQUIN",95215,40,1,"MCL,  AVERAGE","NITRATE","49.5 MG/L","45 MG/L","RETURN TO COMPLIANCE","2013",60
"SAN JOAQUIN",95215,40,1,"MCL,  AVERAGE","NITRATE","49.5 MG/L","45 MG/L","RETURN TO COMPLIANCE","2014",89
"SAN JOAQUIN",95330,23384,6558,"MCL,  AVERAGE","ARSENIC","0.0187 MG/L","0.010 MG/L","RETURN TO COMPLIANCE","2012",90
"SAN JOAQUIN",95330,23384,6558,"MCL,  AVERAGE","ARSENIC","0.01275 MG/L","0.010 MG/L","RETURN TO COMPLIANCE","2012",91
"SAN LUIS OBISPO",93455,2554,956,"MCL, SINGLE SAMPLE","NITRATE","51 MG/L","45 MG/L","FORMAL ENFORCEMENT ACTION ISSUED","2013",30
"SANTA BARBARA",93254,800,254,"MCL,  AVERAGE","ARSENIC",".02950000 MG/L","0.010 MG/L","FORMAL ENFORCEMENT ACTION ISSUED","2012",90
"SANTA BARBARA",93254,800,254,"MCL,  AVERAGE","ARSENIC",".02570000 MG/L","0.010 MG/L","FORMAL ENFORCEMENT ACTION ISSUED","2012",91
"SANTA BARBARA",93254,800,254,"MCL,  AVERAGE","ARSENIC","0.039 MG/L","0.010 MG/L","FORMAL ENFORCEMENT ACTION ISSUED","2013",89
"SANTA BARBARA",93254,800,254,"MCL,  AVERAGE","ARSENIC","0.047 MG/L","0.010 MG/L","FORMAL ENFORCEMENT ACTION ISSUED","2013",91
"SANTA BARBARA",93254,800,254,"MCL,  AVERAGE","ARSENIC","0.026 MG/L","0.010 MG/L","RETURN TO COMPLIANCE","2014",89
"SANTA CLARA",95020,45,16,"MCL, SINGLE SAMPLE","NITRATE","23 MG/L","10 MG/L","FORMAL ENFORCEMENT ACTION ISSUED","2016",30
"SANTA CRUZ",95018,54,25,"MCL,  AVERAGE","ARSENIC","10.5 MG/L","0.010 MG/L","FORMAL ENFORCEMENT ACTION ISSUED","2015",29
"SIERRA",96124,225,102,"MCL,  AVERAGE","ARSENIC",".01800000 MG/L","0.010 MG/L","RETURN TO COMPLIANCE","2012",90
"SIERRA",96124,225,102,"MCL,  AVERAGE","ARSENIC",".01800000 MG/L","0.010 MG/L","FORMAL ENFORCEMENT ACTION ISSUED","2012",90
"SIERRA",96124,225,102,"MCL,  AVERAGE","ARSENIC","0.018 MG/L","0.010 MG/L","RETURN TO COMPLIANCE","2012",91
"SIERRA",96124,225,102,"MCL,  AVERAGE","ARSENIC","0.018 MG/L",NA,"RETURN TO COMPLIANCE","2013",90
"SIERRA",96124,225,102,"MCL,  AVERAGE","ARSENIC","0.016 MG/L","0.010 MG/L","RETURN TO COMPLIANCE","2013",91
"SIERRA",96124,225,102,"MCL,  AVERAGE","ARSENIC","0.017 MG/L","0.010 MG/L","FORMAL ENFORCEMENT ACTION ISSUED","2014",89
"SIERRA",96124,225,102,"MCL,  AVERAGE","ARSENIC","0.021 MG/L","0.010 MG/L","FORMAL ENFORCEMENT ACTION ISSUED","2014",91
"SIERRA",96124,225,102,"MCL,  AVERAGE","ARSENIC","0.023 MG/L","0.010 MG/L","RETURN TO COMPLIANCE","2015",89
"SIERRA",96124,225,102,"MCL,  AVERAGE","ARSENIC","0.022 MG/L",NA,"FORMAL ENFORCEMENT ACTION ISSUED","2015",90
"SIERRA",96124,225,102,"MCL,  AVERAGE","ARSENIC","0.022 MG/L",NA,"FORMAL ENFORCEMENT ACTION ISSUED","2015",91
"SIERRA",96124,225,102,"MCL,  AVERAGE","ARSENIC","0.021 MG/L",NA,"RETURN TO COMPLIANCE","2015",91
"SIERRA",96124,225,102,"MCL,  AVERAGE","ARSENIC","21.5 UG/L","10 UG/L","INFORMAL ENFORCEMENT ACTION ISSUED","2016",90
"SIERRA",96124,225,102,"MCL,  AVERAGE","ARSENIC","0.021 MG/L","0.01 MG/L","FORMAL ENFORCEMENT ACTION ISSUED","2016",91
"SOLANO",95690,125,160,"MCL,  AVERAGE","ARSENIC","0.011 MG/L","0.010 MG/L","RETURN TO COMPLIANCE","2012",90
"SOLANO",95690,125,160,"MCL,  AVERAGE","ARSENIC","0.012 MG/L","0.010 MG/L","FORMAL ENFORCEMENT ACTION ISSUED","2012",91
"SOLANO",95690,125,160,"MCL,  AVERAGE","ARSENIC","0.011 MG/L","0.010 MG/L","FORMAL ENFORCEMENT ACTION ISSUED","2013",90
"SOLANO",95690,125,160,"MCL,  AVERAGE","ARSENIC","0.011 MG/L","0.010 MG/L","FORMAL ENFORCEMENT ACTION ISSUED","2013",91
"SOLANO",95690,125,160,"MCL,  AVERAGE","ARSENIC","0.011 MG/L","0.010 MG/L","FORMAL ENFORCEMENT ACTION ISSUED","2014",90
"SOLANO",95690,125,160,"MCL,  AVERAGE","ARSENIC","0.011 MG/L","0.010 MG/L","RETURN TO COMPLIANCE","2014",91
"SOLANO",95690,125,160,"MCL,  AVERAGE","ARSENIC","0.018 MG/L","0.010 MG/L","FORMAL ENFORCEMENT ACTION ISSUED","2012",90
"SOLANO",95690,125,160,"MCL,  AVERAGE","ARSENIC","0.018 MG/L","0.010 MG/L","RETURN TO COMPLIANCE","2012",91
"SOLANO",95690,125,160,"MCL,  AVERAGE","ARSENIC","0.018 MG/L","0.010 MG/L","RETURN TO COMPLIANCE","2013",89
"SOLANO",95690,125,160,"MCL,  AVERAGE","ARSENIC","0.018 MG/L","0.010 MG/L","RETURN TO COMPLIANCE","2013",91
"SOLANO",95690,125,160,"MCL,  AVERAGE","ARSENIC","0.018 MG/L","0.010 MG/L","FORMAL ENFORCEMENT ACTION ISSUED","2014",91
"SOLANO",95690,125,160,"MCL,  AVERAGE","ARSENIC","0.018 MG/L","0.010 MG/L","FORMAL ENFORCEMENT ACTION ISSUED","2014",90
"SOLANO",95690,125,160,"MCL,  AVERAGE","ARSENIC","0.018 MG/L","0.010 MG/L","RETURN TO COMPLIANCE","2015",89
"SOLANO",95690,125,160,"MCL,  AVERAGE","ARSENIC","0.017 MG/L","0.010 MG/L","RETURN TO COMPLIANCE","2016",90
"SOLANO",95690,125,160,"MCL,  AVERAGE","ARSENIC","0.017 MG/L","0.010 MG/L","RETURN TO COMPLIANCE","2016",91
"SOLANO",95690,125,160,"MCL,  AVERAGE","ARSENIC","0.011 MG/L","0.010 MG/L","FORMAL ENFORCEMENT ACTION ISSUED","2016",91
"SOLANO",95690,125,160,"MCL,  AVERAGE","ARSENIC","0.011 MG/L","0.010 MG/L","RETURN TO COMPLIANCE","2017",89
"SONOMA",95404,26,12,"MCL,  AVERAGE","ARSENIC",".01320000 MG/L","0.010 MG/L","FORMAL ENFORCEMENT ACTION ISSUED","2012",90
"SONOMA",95404,26,12,"MCL,  AVERAGE","ARSENIC",".01170000 MG/L","0.010 MG/L","RETURN TO COMPLIANCE","2012",90
"SONOMA",95404,26,12,"MCL,  AVERAGE","ARSENIC","10.97 UG/L",NA,"FORMAL ENFORCEMENT ACTION ISSUED","2013",89
"SONOMA",95404,26,12,"MCL,  AVERAGE","ARSENIC",".0101875 MG/L",NA,"FORMAL ENFORCEMENT ACTION ISSUED","2013",90
"SONOMA",95404,26,12,"MCL,  AVERAGE","ARSENIC","10.74 UG/L",NA,"RETURN TO COMPLIANCE","2013",91
"SONOMA",95404,26,12,"MCL,  AVERAGE","ARSENIC","12.4 UG/L",NA,"FORMAL ENFORCEMENT ACTION ISSUED","2014",89
"SONOMA",95404,26,12,"MCL,  AVERAGE","ARSENIC","14.75 UG/L",NA,"FORMAL ENFORCEMENT ACTION ISSUED","2014",90
"SONOMA",95404,26,12,"MCL,  AVERAGE","ARSENIC","0.0135 MG/L","0.010 MG/L","FORMAL ENFORCEMENT ACTION ISSUED","2014",91
"SONOMA",95404,26,12,"MCL,  AVERAGE","ARSENIC","0.013 MG/L","0.010 MG/L","RETURN TO COMPLIANCE","2015",90
"SONOMA",95404,26,12,"MCL,  AVERAGE","ARSENIC","0.012 MG/L","0.010 MG/L","RETURN TO COMPLIANCE","2015",91
"SONOMA",95404,26,12,"MCL,  AVERAGE","ARSENIC","12.5 UG/L",NA,"RETURN TO COMPLIANCE","2016",90
"SONOMA",95404,26,12,"MCL,  AVERAGE","ARSENIC","0.01525 MG/L","0.010 MG/L","FORMAL ENFORCEMENT ACTION ISSUED","2016",91
"SONOMA",95404,26,12,"MCL,  AVERAGE","ARSENIC","0.01675 MG/L","0.010 MG/L","FORMAL ENFORCEMENT ACTION ISSUED","2017",90
"SONOMA",95404,26,12,"MCL,  AVERAGE","ARSENIC","0.0165 MG/L","0.010 MG/L","RETURN TO COMPLIANCE","2017",91
"SONOMA",94952,350,1,"MCL,  AVERAGE","ARSENIC",".0113 MG/L",NA,"RETURN TO COMPLIANCE","2013",89
"SONOMA",94952,350,1,"MCL,  AVERAGE","ARSENIC","12.3 UG/L",NA,"RETURN TO COMPLIANCE","2013",91
"SONOMA",95403,188,127,"MCL,  AVERAGE","ARSENIC",".01230000 MG/L","0.010 MG/L","FORMAL ENFORCEMENT ACTION ISSUED","2012",90
"SONOMA",95403,188,127,"MCL,  AVERAGE","ARSENIC",".01100000 MG/L","0.010 MG/L","FORMAL ENFORCEMENT ACTION ISSUED","2012",91
"STANISLAUS",95358,90,60,"MCL,  AVERAGE","ARSENIC","0.024 MG/L","0.010 MG/L","RETURN TO COMPLIANCE","2012",90
"STANISLAUS",95358,90,60,"MCL,  AVERAGE","ARSENIC","0.022 MG/L","0.010 MG/L","FORMAL ENFORCEMENT ACTION ISSUED","2012",91
"STANISLAUS",95358,90,60,"MCL,  AVERAGE","ARSENIC","0.022 MG/L","0.010 MG/L","RETURN TO COMPLIANCE","2013",89
"STANISLAUS",95358,90,60,"MCL,  AVERAGE","ARSENIC","0.024 MG/L","0.010 MG/L","RETURN TO COMPLIANCE","2013",91
"STANISLAUS",95358,90,60,"MCL,  AVERAGE","ARSENIC","0.024 MG/L","0.010 MG/L","FORMAL ENFORCEMENT ACTION ISSUED","2014",89
"STANISLAUS",95358,90,60,"MCL,  AVERAGE","ARSENIC","0.022 MG/L","0.010 MG/L","RETURN TO COMPLIANCE","2014",91
"STANISLAUS",95358,90,60,"MCL,  AVERAGE","ARSENIC","0.021 MG/L","0.010 MG/L","RETURN TO COMPLIANCE","2015",89
"STANISLAUS",95316,110,2,"MCL,  AVERAGE","ARSENIC","0.014 MG/L","0.010 MG/L","RETURN TO COMPLIANCE","2012",90
"STANISLAUS",95316,110,2,"MCL,  AVERAGE","ARSENIC","0.014 MG/L","0.010 MG/L","FORMAL ENFORCEMENT ACTION ISSUED","2012",91
"STANISLAUS",95316,110,2,"MCL,  AVERAGE","ARSENIC","0.014 MG/L","0.010 MG/L","FORMAL ENFORCEMENT ACTION ISSUED","2013",89
"STANISLAUS",95316,110,2,"MCL,  AVERAGE","ARSENIC","0.013 MG/L","0.010 MG/L","FORMAL ENFORCEMENT ACTION ISSUED","2013",91
"STANISLAUS",95316,110,2,"MCL,  AVERAGE","ARSENIC","0.013 MG/L","0.010 MG/L","FORMAL ENFORCEMENT ACTION ISSUED","2014",89
"STANISLAUS",95316,110,2,"MCL,  AVERAGE","ARSENIC","0.013 MG/L","0.010 MG/L","RETURN TO COMPLIANCE","2014",91
"STANISLAUS",95316,110,2,"MCL,  AVERAGE","ARSENIC","0.014 MG/L","0.010 MG/L","FORMAL ENFORCEMENT ACTION ISSUED","2015",89
"STANISLAUS",95316,110,2,"MCL,  AVERAGE","ARSENIC","0.013 MG/L","0.010 MG/L","RETURN TO COMPLIANCE","2015",91
"STANISLAUS",95316,110,2,"MCL,  AVERAGE","ARSENIC","0.013 MG/L","0.010 MG/L","RETURN TO COMPLIANCE","2016",90
"STANISLAUS",95316,110,2,"MCL,  AVERAGE","ARSENIC","0.013 MG/L","0.010 MG/L","RETURN TO COMPLIANCE","2016",91
"STANISLAUS",95307,186,51,"MCL,  AVERAGE","ARSENIC","0.036 MG/L","0.010 MG/L","FORMAL ENFORCEMENT ACTION ISSUED","2012",90
"STANISLAUS",95307,186,51,"MCL,  AVERAGE","ARSENIC","0.037 MG/L","0.010 MG/L","FORMAL ENFORCEMENT ACTION ISSUED","2013",90
"STANISLAUS",95307,186,51,"MCL, SINGLE SAMPLE","NITRATE","49 MG/L","45 MG/L","RETURN TO COMPLIANCE","2013",90
"STANISLAUS",95307,186,51,"MCL,  AVERAGE","ARSENIC","0.013 MG/L","0.010 MG/L","FORMAL ENFORCEMENT ACTION ISSUED","2014",89
"STANISLAUS",95307,186,51,"MCL, SINGLE SAMPLE","NITRATE","47 MG/L","45 MG/L","RETURN TO COMPLIANCE","2014",90
"STANISLAUS",95307,186,51,"MCL,  AVERAGE","ARSENIC","0.033 MG/L","0.010 MG/L","RETURN TO COMPLIANCE","2014",90
"STANISLAUS",95307,186,51,"MCL, SINGLE SAMPLE","NITRATE","47 MG/L","45 MG/L","RETURN TO COMPLIANCE","2014",91
"STANISLAUS",95307,186,51,"MCL,  AVERAGE","ARSENIC","0.033 MG/L","0.010 MG/L","FORMAL ENFORCEMENT ACTION ISSUED","2014",91
"STANISLAUS",95307,186,51,"MCL, SINGLE SAMPLE","NITRATE","48 MG/L","45 MG/L","RETURN TO COMPLIANCE","2014",91
"STANISLAUS",95307,186,51,"MCL,  AVERAGE","ARSENIC","0.033 MG/L","0.010 MG/L","RETURN TO COMPLIANCE","2014",91
"STANISLAUS",95307,186,51,"MCL, SINGLE SAMPLE","NITRATE","54 MG/L","45 MG/L","FORMAL ENFORCEMENT ACTION ISSUED","2015",91
"STANISLAUS",95307,186,51,"MCL,  AVERAGE","ARSENIC","0.031 MG/L","0.010 MG/L","FORMAL ENFORCEMENT ACTION ISSUED","2015",91
"STANISLAUS",95307,186,51,"MCL, SINGLE SAMPLE","NITRATE","14 MG/L","10 MG/L","FORMAL ENFORCEMENT ACTION ISSUED","2016",90
"STANISLAUS",95307,186,51,"MCL,  AVERAGE","ARSENIC","0.032 MG/L","0.010 MG/L","FORMAL ENFORCEMENT ACTION ISSUED","2016",90
"STANISLAUS",95353,14246,4399,"MCL, SINGLE SAMPLE","NITRATE","50.45 MG/L","45 MG/L","RETURN TO COMPLIANCE","2012",30
"SUTTER",95676,350,93,"MCL,  AVERAGE","ARSENIC",".01780000 MG/L","0.010 MG/L","FORMAL ENFORCEMENT ACTION ISSUED","2012",90
"SUTTER",95676,350,93,"MCL,  AVERAGE","ARSENIC",".01780000 MG/L","0.010 MG/L","FORMAL ENFORCEMENT ACTION ISSUED","2012",91
"SUTTER",95676,350,93,"MCL,  AVERAGE","ARSENIC","18.3 UG/L","10 UG/L","FORMAL ENFORCEMENT ACTION ISSUED","2013",91
"SUTTER",95676,350,93,"MCL,  AVERAGE","ARSENIC","17.5 UG/L","10 UG/L","FORMAL ENFORCEMENT ACTION ISSUED","2014",90
"SUTTER",95676,350,93,"MCL,  AVERAGE","ARSENIC","19.5 UG/L","10 UG/L","RETURN TO COMPLIANCE","2015",89
"SUTTER",95676,350,93,"MCL,  AVERAGE","ARSENIC","19 UG/L","10 UG/L","RETURN TO COMPLIANCE","2013",89
"SUTTER",95676,350,93,"MCL,  AVERAGE","ARSENIC","18.3 UG/L","10 UG/L","FORMAL ENFORCEMENT ACTION ISSUED","2014",91
"SUTTER",95676,350,93,"MCL,  AVERAGE","ARSENIC","18 UG/L","10 UG/L","RETURN TO COMPLIANCE","2015",91
"SUTTER",95957,38,2,"MCL, SINGLE SAMPLE","ARSENIC","18.0 UG/L","10.0 UG/L","RETURN TO COMPLIANCE","2013",91
"SUTTER",95957,38,2,"MCL,  AVERAGE","ARSENIC","18.0 UG/L","10 UG/L","RETURN TO COMPLIANCE","2014",89
"SUTTER",95957,38,2,"MCL,  AVERAGE","ARSENIC","17.0 UG/L","10 UG/L","RETURN TO COMPLIANCE","2015",90
"SUTTER",95957,38,2,"MCL,  AVERAGE","ARSENIC","16.8 UG/L","10 UG/L","FORMAL ENFORCEMENT ACTION ISSUED","2015",91
"SUTTER",95991,650,1,"MCL,  AVERAGE","ARSENIC",".01340000 MG/L","0.010 MG/L","FORMAL ENFORCEMENT ACTION ISSUED","2012",90
"SUTTER",95991,650,1,"MCL,  AVERAGE","ARSENIC","0.0198 MG/L","0.010 MG/L","RETURN TO COMPLIANCE","2013",89
"SUTTER",95991,650,1,"MCL,  AVERAGE","ARSENIC","0.0202 MG/L","0.010 MG/L","FORMAL ENFORCEMENT ACTION ISSUED","2012",91
"SUTTER",95991,650,1,"MCL,  AVERAGE","ARSENIC","0.0159 MG/L","0.010 MG/L","FORMAL ENFORCEMENT ACTION ISSUED","2013",91
"SUTTER",95991,650,1,"MCL,  AVERAGE","ARSENIC","12.5 UG/L",NA,"RETURN TO COMPLIANCE","2014",90
"SUTTER",95991,650,1,"MCL,  AVERAGE","ARSENIC","12.6 UG/L","10 UG/L","RETURN TO COMPLIANCE","2014",91
"SUTTER",95991,650,1,"MCL,  AVERAGE","ARSENIC","14.3 UG/L","10 UG/L","RETURN TO COMPLIANCE","2015",89
"SUTTER",95991,650,1,"MCL,  AVERAGE","ARSENIC","19.1 UG/L","10 UG/L","RETURN TO COMPLIANCE","2015",91
"SUTTER",95953,109,1,"MCL,  AVERAGE","ARSENIC",".01440000 MG/L","0.010 MG/L","FORMAL ENFORCEMENT ACTION ISSUED","2012",90
"SUTTER",95953,109,1,"MCL,  AVERAGE","ARSENIC","0.014 MG/L","0.010 MG/L","FORMAL ENFORCEMENT ACTION ISSUED","2012",91
"SUTTER",95953,109,1,"MCL,  AVERAGE","ARSENIC","0.0128 MG/L","0.010 MG/L","RETURN TO COMPLIANCE","2013",90
"SUTTER",95993,200,3,"MCL,  AVERAGE","ARSENIC",".01400000 MG/L","0.010 MG/L","RETURN TO COMPLIANCE","2012",90
"SUTTER",95993,200,3,"MCL,  AVERAGE","ARSENIC",".01400000 MG/L","0.010 MG/L","RETURN TO COMPLIANCE","2012",91
"SUTTER",95993,200,3,"MCL,  AVERAGE","ARSENIC","0.0163 MG/L","0.010 MG/L","FORMAL ENFORCEMENT ACTION ISSUED","2013",89
"SUTTER",95993,200,3,"MCL,  AVERAGE","ARSENIC","21.3 UG/L","10 UG/L","RETURN TO COMPLIANCE","2013",91
"SUTTER",95993,200,3,"MCL,  AVERAGE","ARSENIC","21.8 UG/L",NA,"FORMAL ENFORCEMENT ACTION ISSUED","2014",90
"SUTTER",95992,350,48,"MCL,  AVERAGE","ARSENIC",".01140000 MG/L","0.010 MG/L","RETURN TO COMPLIANCE","2012",90
"SUTTER",95953,50,1,"MCL,  AVERAGE","NITRATE","73.8 MG/L","45 MG/L","RETURN TO COMPLIANCE","2012",90
"SUTTER",95953,50,1,"MCL, SINGLE SAMPLE","NITRATE","75.4 MG/L","45 MG/L","RETURN TO COMPLIANCE","2013",90
"SUTTER",95953,50,1,"MCL, SINGLE SAMPLE","NITRATE","67.3 MG/L","45 MG/L","FORMAL ENFORCEMENT ACTION ISSUED","2013",89
"SUTTER",95953,50,1,"MCL, SINGLE SAMPLE","NITRATE","75.3 MG/L","45 MG/L","RETURN TO COMPLIANCE","2013",91
"SUTTER",95953,50,1,"MCL, SINGLE SAMPLE","NITRATE","64.2 MG/L","45 MG/L","RETURN TO COMPLIANCE","2014",90
"SUTTER",95953,50,1,"MCL, SINGLE SAMPLE","NITRATE","69.4 MG/L",NA,"FORMAL ENFORCEMENT ACTION ISSUED","2014",91
"SUTTER",95953,50,1,"MCL, SINGLE SAMPLE","NITRATE","61.6 MG/L","45 MG/L","RETURN TO COMPLIANCE","2015",90
"SUTTER",95953,50,1,"MCL, SINGLE SAMPLE","NITRATE","16.5 MG/L","10 MG/L","RETURN TO COMPLIANCE","2015",91
"SUTTER",95953,50,1,"MCL, SINGLE SAMPLE","NITRATE","14.9 MG/L","10 MG/L","RETURN TO COMPLIANCE","2016",90
"SUTTER",95953,50,1,"MCL, SINGLE SAMPLE","NITRATE","16.8 MG/L","10 MG/L","FORMAL ENFORCEMENT ACTION ISSUED","2016",91
"TRINITY",96052,150,51,"MCL,  AVERAGE","ARSENIC",".02580000 MG/L","0.010 MG/L","FORMAL ENFORCEMENT ACTION ISSUED","2012",90
"TRINITY",96052,150,51,"MCL,  AVERAGE","ARSENIC",".02720000 MG/L","0.010 MG/L","RETURN TO COMPLIANCE","2012",91
"TRINITY",96052,150,51,"MCL,  AVERAGE","ARSENIC",".0234 MG/L",NA,"FORMAL ENFORCEMENT ACTION ISSUED","2013",89
"TRINITY",96052,150,51,"MCL,  AVERAGE","ARSENIC","0.0186 MG/L",NA,"FORMAL ENFORCEMENT ACTION ISSUED","2013",91
"TRINITY",96052,150,51,"MCL,  AVERAGE","ARSENIC","0.0271 MG/L",NA,"FORMAL ENFORCEMENT ACTION ISSUED","2014",89
"TRINITY",96052,150,51,"MCL,  AVERAGE","ARSENIC",".0194 MG/L",NA,"FORMAL ENFORCEMENT ACTION ISSUED","2014",91
"TRINITY",96052,150,51,"MCL,  AVERAGE","ARSENIC","0.023 MG/L",NA,"RETURN TO COMPLIANCE","2015",89
"TULARE",93618,100,49,"MCL, SINGLE SAMPLE","NITRATE","56 MG/L","45 MG/L","RETURN TO COMPLIANCE","2012",90
"TULARE",93618,100,49,"MCL, SINGLE SAMPLE","NITRATE","47.8 MG/L","45 MG/L","RETURN TO COMPLIANCE","2012",91
"TULARE",93618,100,49,"MCL, SINGLE SAMPLE","NITRATE","47.4 MG/L","45 MG/L","RETURN TO COMPLIANCE","2014",89
"TULARE",93219,521,156,"MCL,  AVERAGE","ARSENIC",".012 MG/L","0.010 MG/L","RETURN TO COMPLIANCE","2012",90
"TULARE",93219,521,156,"MCL,  AVERAGE","ARSENIC",".012 MG/L","0.010 MG/L","FORMAL ENFORCEMENT ACTION ISSUED","2012",91
"TULARE",93219,521,156,"MCL,  AVERAGE","ARSENIC",".012 MG/L","0.010 MG/L","RETURN TO COMPLIANCE","2013",91
"TULARE",93219,521,156,"MCL,  AVERAGE","ARSENIC",".012 MG/L","0.010 MG/L","FORMAL ENFORCEMENT ACTION ISSUED","2013",91
"TULARE",93219,521,156,"MCL,  AVERAGE","ARSENIC",".012 MG/L","0.010 MG/L","RETURN TO COMPLIANCE","2014",89
"TULARE",93219,521,156,"MCL,  AVERAGE","ARSENIC","0.012 MG/L","0.010 MG/L","FORMAL ENFORCEMENT ACTION ISSUED","2017",91
"TULARE",93257,40,19,"MCL, SINGLE SAMPLE","NITRATE","84 MG/L","45 MG/L","RETURN TO COMPLIANCE","2013",89
"TULARE",93274,600,2,"MCL,  AVERAGE","ARSENIC",".018 MG/L","0.010 MG/L","FORMAL ENFORCEMENT ACTION ISSUED","2012",90
"TULARE",93274,600,2,"MCL,  AVERAGE","ARSENIC",".018 MG/L","0.010 MG/L","FORMAL ENFORCEMENT ACTION ISSUED","2012",90
"TULARE",93274,600,2,"MCL,  AVERAGE","ARSENIC",".018 MG/L","0.010 MG/L","FORMAL ENFORCEMENT ACTION ISSUED","2012",91
"TULARE",93274,600,2,"MCL,  AVERAGE","ARSENIC",".017 MG/L","0.010 MG/L","RETURN TO COMPLIANCE","2013",89
"TULARE",93274,600,2,"MCL,  AVERAGE","ARSENIC",".017 MG/L","0.010 MG/L","FORMAL ENFORCEMENT ACTION ISSUED","2013",90
"TULARE",93274,600,2,"MCL,  AVERAGE","ARSENIC",".017 MG/L","0.010 MG/L","RETURN TO COMPLIANCE","2013",91
"TULARE",93274,600,2,"MCL,  AVERAGE","ARSENIC",".017 MG/L","0.010 MG/L","FORMAL ENFORCEMENT ACTION ISSUED","2014",89
"TULARE",93271,384,137,"MCL,  AVERAGE","ARSENIC",".011 MG/L","0.010 MG/L","RETURN TO COMPLIANCE","2012",90
"TULARE",93271,384,137,"MCL,  AVERAGE","ARSENIC",".011 MG/L","0.010 MG/L","RETURN TO COMPLIANCE","2012",91
"TULARE",93271,384,137,"MCL,  AVERAGE","ARSENIC",".012 MG/L","0.010 MG/L","RETURN TO COMPLIANCE","2013",91
"TULARE",93274,120,36,"MCL, SINGLE SAMPLE","NITRATE","70.2 MG/L","45 MG/L","RETURN TO COMPLIANCE","2012",91
"TULARE",93274,120,36,"MCL, SINGLE SAMPLE","NITRATE","70.2 MG/L","45 MG/L","FORMAL ENFORCEMENT ACTION ISSUED","2013",89
"TULARE",93274,120,36,"MCL, SINGLE SAMPLE","NITRATE","70.2 MG/L","45 MG/L","FORMAL ENFORCEMENT ACTION ISSUED","2013",90
"TULARE",93274,120,36,"MCL, SINGLE SAMPLE","NITRATE","66.1 MG/L","45 MG/L","FORMAL ENFORCEMENT ACTION ISSUED","2013",91
"TULARE",93274,120,36,"MCL, SINGLE SAMPLE","NITRATE","66.1 MG/L","45 MG/L","RETURN TO COMPLIANCE","2014",89
"TULARE",93274,120,36,"MCL, SINGLE SAMPLE","NITRATE","14.4 MG/L","10 MG/L","RETURN TO COMPLIANCE","2015",91
"TULARE",93274,120,36,"MCL, SINGLE SAMPLE","NITRATE","14.6 MG/L","10 MG/L","RETURN TO COMPLIANCE","2016",90
"TULARE",93274,120,36,"MCL, SINGLE SAMPLE","NITRATE","13.8 MG/L","10 MG/L","FORMAL ENFORCEMENT ACTION ISSUED","2016",91
"TULARE",93274,250,9,"MCL,  AVERAGE","NITRATE","81.1 MG/L","45 MG/L","FORMAL ENFORCEMENT ACTION ISSUED","2012",91
"TULARE",93274,250,9,"MCL,  AVERAGE","NITRATE","84.8 MG/L","45 MG/L","FORMAL ENFORCEMENT ACTION ISSUED","2013",90
"TULARE",93274,250,9,"MCL,  AVERAGE","NITRATE","78.4 MG/L","45 MG/L","FORMAL ENFORCEMENT ACTION ISSUED","2013",91
"TULARE",93615,6200,1039,"MCL, SINGLE SAMPLE","NITRATE","48.00000000 MG/L","45 MG/L","FORMAL ENFORCEMENT ACTION ISSUED","2012",89
"YOLO",95695,33,15,"MCL,  AVERAGE","NITRATE","11 MG/L","10 MG/L","RETURN TO COMPLIANCE","2016",91
