"COUNTY","ZIPCODE","POPULATION","SERVICE_CONNECTIONS","VIOLATION_TYPE_NAME","ANALYTE_NAME","ENF_ACTION_TYPE_ISSUED","year_violation","daystaken"
"BUTTE",95928,100,33,"MCL,  AVERAGE","ARSENIC","FORMAL ENFORCEMENT ACTION ISSUED","2012",364
"COLUSA",95950,381,123,"MCL,  AVERAGE","ARSENIC","RETURN TO COMPLIANCE","2012",91
"COLUSA",95950,381,123,"MCL,  AVERAGE","ARSENIC","RETURN TO COMPLIANCE","2013",90
"COLUSA",95950,381,123,"MCL,  AVERAGE","ARSENIC","FORMAL ENFORCEMENT ACTION ISSUED","2014",89
"COLUSA",95950,381,123,"MCL,  AVERAGE","ARSENIC","RETURN TO COMPLIANCE","2015",90
"COLUSA",95950,381,123,"MCL,  AVERAGE","ARSENIC","RETURN TO COMPLIANCE","2015",89
"COLUSA",95950,381,123,"MCL,  AVERAGE","ARSENIC","FORMAL ENFORCEMENT ACTION ISSUED","2016",91
"COLUSA",95950,381,123,"MCL,  AVERAGE","ARSENIC","FORMAL ENFORCEMENT ACTION ISSUED","2018",90
"FRESNO",93602,193,69,"MCL,  AVERAGE","ARSENIC","FORMAL ENFORCEMENT ACTION ISSUED","2012",91
"FRESNO",93602,193,69,"MCL,  AVERAGE","COMBINED URANIUM","FORMAL ENFORCEMENT ACTION ISSUED","2015",91
"FRESNO",93602,193,69,"MCL,  AVERAGE","COMBINED URANIUM","FORMAL ENFORCEMENT ACTION ISSUED","2016",91
"FRESNO",93602,193,69,"MCL,  AVERAGE","COMBINED URANIUM","FORMAL ENFORCEMENT ACTION ISSUED","2017",90
"FRESNO",93657,483,6,"MCL, SINGLE SAMPLE","NITRATE","FORMAL ENFORCEMENT ACTION ISSUED","2012",91
"FRESNO",93657,483,6,"MCL, SINGLE SAMPLE","NITRATE","FORMAL ENFORCEMENT ACTION ISSUED","2014",90
"FRESNO",93657,483,6,"MCL,  AVERAGE","NITRATE","FORMAL ENFORCEMENT ACTION ISSUED","2015",91
"FRESNO",93657,483,6,"MCL,  AVERAGE","NITRATE","FORMAL ENFORCEMENT ACTION ISSUED","2017",90
"FRESNO",93657,483,6,"MCL, SINGLE SAMPLE","NITRATE","FORMAL ENFORCEMENT ACTION ISSUED","2018",91
"FRESNO",93706,250,33,"MCL,  AVERAGE","COMBINED URANIUM","FORMAL ENFORCEMENT ACTION ISSUED","2017",91
"FRESNO",93706,80,37,"MCL,  AVERAGE","COMBINED URANIUM","FORMAL ENFORCEMENT ACTION ISSUED","2013",91
"FRESNO",93706,80,37,"MCL,  AVERAGE","COMBINED URANIUM","FORMAL ENFORCEMENT ACTION ISSUED","2014",91
"FRESNO",93621,78,2,"MCL,  AVERAGE","COMBINED URANIUM","FORMAL ENFORCEMENT ACTION ISSUED","2013",91
"FRESNO",93621,78,2,"MCL,  AVERAGE","COMBINED URANIUM","FORMAL ENFORCEMENT ACTION ISSUED","2016",90
"FRESNO",93621,78,2,"MCL,  AVERAGE","COMBINED URANIUM","FORMAL ENFORCEMENT ACTION ISSUED","2017",91
"FRESNO",93608,50,15,"MCL,  AVERAGE","ARSENIC","FORMAL ENFORCEMENT ACTION ISSUED","2015",89
"FRESNO",93608,50,15,"MCL,  AVERAGE","ARSENIC","FORMAL ENFORCEMENT ACTION ISSUED","2015",91
"FRESNO",93608,50,15,"MCL,  AVERAGE","ARSENIC","FORMAL ENFORCEMENT ACTION ISSUED","2016",91
"FRESNO",93608,50,15,"MCL,  AVERAGE","ARSENIC","FORMAL ENFORCEMENT ACTION ISSUED","2017",90
"FRESNO",93608,50,15,"MCL,  AVERAGE","ARSENIC","FORMAL ENFORCEMENT ACTION ISSUED","2018",89
"FRESNO",93608,50,15,"MCL,  AVERAGE","ARSENIC","FORMAL ENFORCEMENT ACTION ISSUED","2018",91
"FRESNO",93609,2503,696,"MCL,  AVERAGE","ARSENIC","FORMAL ENFORCEMENT ACTION ISSUED","2012",90
"FRESNO",93609,2503,696,"MCL,  AVERAGE","ARSENIC","FORMAL ENFORCEMENT ACTION ISSUED","2013",91
"FRESNO",93609,2503,696,"MCL,  AVERAGE","ARSENIC","FORMAL ENFORCEMENT ACTION ISSUED","2014",91
"FRESNO",93609,2503,696,"MCL,  AVERAGE","ARSENIC","FORMAL ENFORCEMENT ACTION ISSUED","2016",90
"FRESNO",93609,2503,696,"MCL,  AVERAGE","ARSENIC","FORMAL ENFORCEMENT ACTION ISSUED","2017",91
"INYO",93530,50,67,"MCL,  AVERAGE","ARSENIC","OTHER INFORMAL ENFORCEMENT ACTION TAKEN","2012",90
"INYO",93530,50,67,"MCL,  AVERAGE","ARSENIC","OTHER INFORMAL ENFORCEMENT ACTION TAKEN","2013",89
"INYO",93530,50,67,"MCL,  AVERAGE","ARSENIC","OTHER INFORMAL ENFORCEMENT ACTION TAKEN","2013",91
"INYO",93530,50,67,"MCL,  AVERAGE","ARSENIC","OTHER INFORMAL ENFORCEMENT ACTION TAKEN","2014",90
"INYO",93530,50,67,"MCL,  AVERAGE","ARSENIC","FORMAL ENFORCEMENT ACTION ISSUED","2014",91
"INYO",93530,50,67,"MCL,  AVERAGE","ARSENIC","FORMAL ENFORCEMENT ACTION ISSUED","2014",91
"KERN",93311,48,14,"MCL,  AVERAGE","COMBINED URANIUM","FORMAL ENFORCEMENT ACTION ISSUED","2014",89
"KERN",93311,48,14,"MCL,  AVERAGE","COMBINED URANIUM","FORMAL ENFORCEMENT ACTION ISSUED","2015",91
"KERN",93311,48,14,"MCL,  AVERAGE","COMBINED URANIUM","FORMAL ENFORCEMENT ACTION ISSUED","2017",89
"KERN",93311,48,14,"MCL,  AVERAGE","COMBINED URANIUM","FORMAL ENFORCEMENT ACTION ISSUED","2018",91
"KERN",93311,32,15,"MCL,  AVERAGE","COMBINED URANIUM","FORMAL ENFORCEMENT ACTION ISSUED","2017",91
"KERN",93312,150,50,"MCL,  AVERAGE","ARSENIC","STATE INTENTIONAL NO ACTION TAKEN","2012",90
"KERN",93312,150,50,"MCL,  AVERAGE","ARSENIC","STATE INTENTIONAL NO ACTION TAKEN","2012",91
"KERN",93312,150,50,"MCL,  AVERAGE","ARSENIC","FORMAL ENFORCEMENT ACTION ISSUED","2013",91
"KERN",93312,150,50,"MCL,  AVERAGE","ARSENIC","STATE INTENTIONAL NO ACTION TAKEN","2014",90
"KERN",93312,150,50,"MCL,  AVERAGE","ARSENIC","FORMAL ENFORCEMENT ACTION ISSUED","2015",89
"KERN",93312,150,50,"MCL,  AVERAGE","ARSENIC","FORMAL ENFORCEMENT ACTION ISSUED","2016",91
"KERN",93312,150,50,"MCL,  AVERAGE","ARSENIC","FORMAL ENFORCEMENT ACTION ISSUED","2018",89
"KERN",93283,238,85,"MCL, SINGLE SAMPLE","NITRATE","FORMAL ENFORCEMENT ACTION ISSUED","2014",91
"KERN",93283,238,85,"MCL,  AVERAGE","COMBINED URANIUM","FORMAL ENFORCEMENT ACTION ISSUED","2016",90
"KERN",93283,238,85,"MCL,  AVERAGE","COMBINED URANIUM","FORMAL ENFORCEMENT ACTION ISSUED","2017",89
"KERN",93283,238,85,"MCL,  AVERAGE","COMBINED URANIUM","FORMAL ENFORCEMENT ACTION ISSUED","2017",91
"KERN",93283,238,85,"MCL, SINGLE SAMPLE","NITRATE","FORMAL ENFORCEMENT ACTION ISSUED","2018",89
"KERN",93283,238,85,"MCL,  AVERAGE","COMBINED URANIUM","FORMAL ENFORCEMENT ACTION ISSUED","2018",91
"KERN",93283,238,85,"MCL, SINGLE SAMPLE","NITRATE","FORMAL ENFORCEMENT ACTION ISSUED","2018",91
"KERN",93312,462,155,"MCL, SINGLE SAMPLE","NITRATE","FORMAL ENFORCEMENT ACTION ISSUED","2015",89
"KERN",93312,462,155,"MCL, SINGLE SAMPLE","NITRATE-NITRITE","FORMAL ENFORCEMENT ACTION ISSUED","2016",91
"KERN",93560,171,65,"MCL,  AVERAGE","ARSENIC","STATE INTENTIONAL NO ACTION TAKEN","2012",91
"KERN",93560,171,65,"MCL,  AVERAGE","ARSENIC","FORMAL ENFORCEMENT ACTION ISSUED","2013",90
"KERN",93560,171,65,"MCL,  AVERAGE","ARSENIC","STATE INTENTIONAL NO ACTION TAKEN","2014",89
"KERN",93560,171,65,"MCL,  AVERAGE","ARSENIC","FORMAL ENFORCEMENT ACTION ISSUED","2014",91
"KERN",93560,171,65,"MCL,  AVERAGE","ARSENIC","FORMAL ENFORCEMENT ACTION ISSUED","2015",91
"KERN",93560,171,65,"MCL,  AVERAGE","ARSENIC","FORMAL ENFORCEMENT ACTION ISSUED","2016",90
"KERN",93560,171,65,"MCL,  AVERAGE","ARSENIC","FORMAL ENFORCEMENT ACTION ISSUED","2017",90
"KERN",93560,171,65,"MCL,  AVERAGE","ARSENIC","FORMAL ENFORCEMENT ACTION ISSUED","2018",91
"KERN",93285,36,38,"MCL,  AVERAGE","ARSENIC","STATE INTENTIONAL NO ACTION TAKEN","2012",91
"KERN",93285,36,38,"MCL,  AVERAGE","ARSENIC","FORMAL ENFORCEMENT ACTION ISSUED","2013",90
"KERN",93285,36,38,"MCL,  AVERAGE","ARSENIC","STATE INTENTIONAL NO ACTION TAKEN","2014",89
"KERN",93285,36,38,"MCL,  AVERAGE","ARSENIC","FORMAL ENFORCEMENT ACTION ISSUED","2014",91
"KERN",93285,36,38,"MCL,  AVERAGE","ARSENIC","STATE INTENTIONAL NO ACTION TAKEN","2015",91
"KERN",93285,36,38,"MCL,  AVERAGE","ARSENIC","STATE INTENTIONAL NO ACTION TAKEN","2016",90
"KERN",93285,36,38,"MCL,  AVERAGE","ARSENIC","STATE INTENTIONAL NO ACTION TAKEN","2017",89
"KERN",93285,36,38,"MCL,  AVERAGE","ARSENIC","STATE INTENTIONAL NO ACTION TAKEN","2017",91
"KERN",93523,37,20,"MCL,  AVERAGE","ARSENIC","STATE INTENTIONAL NO ACTION TAKEN","2013",90
"KERN",93523,37,20,"MCL,  AVERAGE","ARSENIC","STATE INTENTIONAL NO ACTION TAKEN","2014",89
"KERN",93523,37,20,"MCL,  AVERAGE","ARSENIC","FORMAL ENFORCEMENT ACTION ISSUED","2015",89
"KERN",93523,37,20,"MCL,  AVERAGE","ARSENIC","FORMAL ENFORCEMENT ACTION ISSUED","2015",91
"KERN",93523,37,20,"MCL,  AVERAGE","ARSENIC","FORMAL ENFORCEMENT ACTION ISSUED","2017",89
"KERN",93523,37,20,"MCL,  AVERAGE","ARSENIC","FORMAL ENFORCEMENT ACTION ISSUED","2018",91
"KERN",93501,56,16,"MCL,  AVERAGE","ARSENIC","FORMAL ENFORCEMENT ACTION ISSUED","2012",91
"KERN",93501,56,16,"MCL,  AVERAGE","ARSENIC","FORMAL ENFORCEMENT ACTION ISSUED","2013",90
"KERN",93501,56,16,"MCL,  AVERAGE","ARSENIC","FORMAL ENFORCEMENT ACTION ISSUED","2014",89
"KERN",93501,56,16,"MCL,  AVERAGE","ARSENIC","FORMAL ENFORCEMENT ACTION ISSUED","2014",91
"KERN",93501,56,16,"MCL,  AVERAGE","ARSENIC","STATE INTENTIONAL NO ACTION TAKEN","2015",91
"KERN",93501,56,16,"MCL,  AVERAGE","ARSENIC","STATE INTENTIONAL NO ACTION TAKEN","2016",90
"KERN",93501,56,16,"MCL,  AVERAGE","ARSENIC","FORMAL ENFORCEMENT ACTION ISSUED","2017",89
"KERN",93501,56,16,"MCL,  AVERAGE","ARSENIC","FORMAL ENFORCEMENT ACTION ISSUED","2017",91
"KERN",93285,67,24,"MCL,  AVERAGE","ARSENIC","FORMAL ENFORCEMENT ACTION ISSUED","2012",90
"KERN",93285,67,24,"MCL,  AVERAGE","ARSENIC","FORMAL ENFORCEMENT ACTION ISSUED","2013",91
"KERN",93285,67,24,"MCL, SINGLE SAMPLE","NITRATE","FORMAL ENFORCEMENT ACTION ISSUED","2014",90
"KERN",93285,67,24,"MCL,  AVERAGE","ARSENIC","FORMAL ENFORCEMENT ACTION ISSUED","2015",91
"KERN",93285,67,24,"MCL,  AVERAGE","ARSENIC","FORMAL ENFORCEMENT ACTION ISSUED","2016",91
"KERN",93285,67,24,"MCL, SINGLE SAMPLE","NITRATE","FORMAL ENFORCEMENT ACTION ISSUED","2018",90
"KERN",93225,82,86,"MCL,  AVERAGE","NITRATE","FORMAL ENFORCEMENT ACTION ISSUED","2017",89
"KERN",93523,68,33,"MCL,  AVERAGE","ARSENIC","FORMAL ENFORCEMENT ACTION ISSUED","2012",90
"KERN",93523,68,33,"MCL,  AVERAGE","ARSENIC","FORMAL ENFORCEMENT ACTION ISSUED","2014",89
"KERN",93523,68,33,"MCL,  AVERAGE","ARSENIC","FORMAL ENFORCEMENT ACTION ISSUED","2015",91
"KERN",93523,68,33,"MCL,  AVERAGE","ARSENIC","FORMAL ENFORCEMENT ACTION ISSUED","2017",89
"KERN",93523,68,33,"MCL,  AVERAGE","ARSENIC","FORMAL ENFORCEMENT ACTION ISSUED","2018",91
"KERN",93307,200,80,"MCL,  AVERAGE","ARSENIC","FORMAL ENFORCEMENT ACTION ISSUED","2012",90
"KERN",93307,200,80,"MCL,  AVERAGE","ARSENIC","STATE INTENTIONAL NO ACTION TAKEN","2013",89
"KERN",93307,200,80,"MCL,  AVERAGE","ARSENIC","FORMAL ENFORCEMENT ACTION ISSUED","2013",91
"KERN",93307,200,80,"MCL,  AVERAGE","ARSENIC","FORMAL ENFORCEMENT ACTION ISSUED","2014",91
"KERN",93307,200,80,"MCL,  AVERAGE","ARSENIC","FORMAL ENFORCEMENT ACTION ISSUED","2015",91
"KERN",93307,200,80,"MCL,  AVERAGE","ARSENIC","FORMAL ENFORCEMENT ACTION ISSUED","2017",89
"KERN",93307,200,80,"MCL,  AVERAGE","ARSENIC","FORMAL ENFORCEMENT ACTION ISSUED","2018",91
"KERN",93386,66,20,"MCL, SINGLE SAMPLE","NITRATE","FORMAL ENFORCEMENT ACTION ISSUED","2012",90
"KERN",93386,66,20,"MCL, SINGLE SAMPLE","NITRATE","FORMAL ENFORCEMENT ACTION ISSUED","2013",91
"KERN",93386,66,20,"MCL, SINGLE SAMPLE","NITRATE","FORMAL ENFORCEMENT ACTION ISSUED","2015",90
"KERN",93386,66,20,"MCL, SINGLE SAMPLE","NITRATE-NITRITE","FORMAL ENFORCEMENT ACTION ISSUED","2015",91
"KERN",93386,66,20,"MCL, SINGLE SAMPLE","NITRATE-NITRITE","FORMAL ENFORCEMENT ACTION ISSUED","2017",89
"KERN",93386,66,20,"MCL, SINGLE SAMPLE","NITRATE-NITRITE","FORMAL ENFORCEMENT ACTION ISSUED","2018",90
"KERN",93283,120,71,"MCL,  AVERAGE","ARSENIC","STATE INTENTIONAL NO ACTION TAKEN","2012",91
"KERN",93283,120,71,"MCL,  AVERAGE","ARSENIC","STATE INTENTIONAL NO ACTION TAKEN","2013",91
"KERN",93283,120,71,"MCL,  AVERAGE","ARSENIC","FORMAL ENFORCEMENT ACTION ISSUED","2014",89
"KERN",93283,120,71,"MCL,  AVERAGE","COMBINED URANIUM","FORMAL ENFORCEMENT ACTION ISSUED","2014",90
"KERN",93283,120,71,"MCL,  AVERAGE","ARSENIC","FORMAL ENFORCEMENT ACTION ISSUED","2014",91
"KERN",93283,120,71,"MCL,  AVERAGE","ARSENIC","FORMAL ENFORCEMENT ACTION ISSUED","2015",91
"KERN",93283,120,71,"MCL,  AVERAGE","COMBINED URANIUM","FORMAL ENFORCEMENT ACTION ISSUED","2016",90
"KERN",93283,120,71,"MCL,  AVERAGE","ARSENIC","FORMAL ENFORCEMENT ACTION ISSUED","2016",91
"KERN",93283,120,71,"MCL,  AVERAGE","ARSENIC","FORMAL ENFORCEMENT ACTION ISSUED","2018",90
"KERN",93283,120,71,"MCL,  AVERAGE","COMBINED URANIUM","FORMAL ENFORCEMENT ACTION ISSUED","2018",90
"KERN",93312,270,95,"MCL,  AVERAGE","ARSENIC","FORMAL ENFORCEMENT ACTION ISSUED","2012",90
"KERN",93312,270,95,"MCL,  AVERAGE","ARSENIC","FORMAL ENFORCEMENT ACTION ISSUED","2018",89
"KERN",93308,50,17,"MCL,  AVERAGE","COMBINED URANIUM","FORMAL ENFORCEMENT ACTION ISSUED","2013",90
"KERN",93308,50,17,"MCL,  AVERAGE","COMBINED URANIUM","FORMAL ENFORCEMENT ACTION ISSUED","2014",91
"KERN",93308,50,17,"MCL,  AVERAGE","COMBINED URANIUM","FORMAL ENFORCEMENT ACTION ISSUED","2016",90
"KERN",93308,50,17,"MCL,  AVERAGE","COMBINED URANIUM","FORMAL ENFORCEMENT ACTION ISSUED","2017",91
"KERN",93560,73,69,"MCL,  AVERAGE","ARSENIC","FORMAL ENFORCEMENT ACTION ISSUED","2012",90
"KERN",93560,73,69,"MCL,  AVERAGE","ARSENIC","FORMAL ENFORCEMENT ACTION ISSUED","2012",91
"KERN",93560,73,69,"MCL,  AVERAGE","ARSENIC","RETURN TO COMPLIANCE","2013",91
"KERN",93560,73,69,"MCL,  AVERAGE","ARSENIC","RETURN TO COMPLIANCE","2014",90
"KERN",93560,73,69,"MCL,  AVERAGE","ARSENIC","FORMAL ENFORCEMENT ACTION ISSUED","2015",89
"KERN",93560,73,69,"MCL,  AVERAGE","ARSENIC","STATE INTENTIONAL NO ACTION TAKEN","2016",90
"KERN",93560,73,69,"MCL,  AVERAGE","ARSENIC","RETURN TO COMPLIANCE","2016",91
"KERN",93560,73,69,"MCL,  AVERAGE","ARSENIC","FORMAL ENFORCEMENT ACTION ISSUED","2018",90
"KERN",93387,165,61,"MCL, SINGLE SAMPLE","NITRATE","FORMAL ENFORCEMENT ACTION ISSUED","2013",91
"KERN",93387,165,61,"MCL, SINGLE SAMPLE","NITRATE","FORMAL ENFORCEMENT ACTION ISSUED","2015",90
"KERN",93387,165,61,"MCL, SINGLE SAMPLE","NITRATE-NITRITE","FORMAL ENFORCEMENT ACTION ISSUED","2015",91
"KERN",93387,165,61,"MCL, SINGLE SAMPLE","NITRATE-NITRITE","FORMAL ENFORCEMENT ACTION ISSUED","2017",89
"KERN",93387,165,61,"MCL, SINGLE SAMPLE","NITRATE-NITRITE","FORMAL ENFORCEMENT ACTION ISSUED","2018",90
"KERN",93312,90,32,"MCL, SINGLE SAMPLE","NITRATE","FORMAL ENFORCEMENT ACTION ISSUED","2014",89
"KERN",93307,100,39,"MCL,  AVERAGE","ARSENIC","STATE INTENTIONAL NO ACTION TAKEN","2013",90
"KERN",93307,100,39,"MCL,  AVERAGE","ARSENIC","FORMAL ENFORCEMENT ACTION ISSUED","2014",89
"KERN",93307,100,39,"MCL,  AVERAGE","ARSENIC","FORMAL ENFORCEMENT ACTION ISSUED","2015",91
"KERN",93307,100,39,"MCL,  AVERAGE","ARSENIC","FORMAL ENFORCEMENT ACTION ISSUED","2017",91
"KERN",93220,438,106,"MCL, SINGLE SAMPLE","NITRATE","FORMAL ENFORCEMENT ACTION ISSUED","2013",89
"KERN",93220,438,106,"MCL, SINGLE SAMPLE","NITRATE","FORMAL ENFORCEMENT ACTION ISSUED","2014",91
"KERN",93220,438,106,"MCL, SINGLE SAMPLE","NITRATE","FORMAL ENFORCEMENT ACTION ISSUED","2015",90
"KERN",93220,438,106,"MCL, SINGLE SAMPLE","NITRATE-NITRITE","FORMAL ENFORCEMENT ACTION ISSUED","2017",89
"KERN",93220,438,106,"MCL, SINGLE SAMPLE","NITRATE-NITRITE","FORMAL ENFORCEMENT ACTION ISSUED","2018",90
"KERN",93311,800,1,"MCL,  AVERAGE","ARSENIC","FORMAL ENFORCEMENT ACTION ISSUED","2013",90
"KERN",93311,800,1,"MCL,  AVERAGE","ARSENIC","FORMAL ENFORCEMENT ACTION ISSUED","2015",89
"KERN",93311,800,1,"MCL,  AVERAGE","ARSENIC","FORMAL ENFORCEMENT ACTION ISSUED","2016",91
"KERN",93311,800,1,"MCL,  AVERAGE","ARSENIC","FORMAL ENFORCEMENT ACTION ISSUED","2018",89
"KERN",93312,887,16,"MCL, SINGLE SAMPLE","NITRATE-NITRITE","FORMAL ENFORCEMENT ACTION ISSUED","2016",90
"KERN",93560,940,2,"MCL,  AVERAGE","ARSENIC","FORMAL ENFORCEMENT ACTION ISSUED","2012",90
"KERN",93560,940,2,"MCL,  AVERAGE","ARSENIC","STATE INTENTIONAL NO ACTION TAKEN","2012",91
"KERN",93560,940,2,"MCL,  AVERAGE","ARSENIC","FORMAL ENFORCEMENT ACTION ISSUED","2013",91
"KERN",93560,940,2,"MCL,  AVERAGE","ARSENIC","STATE INTENTIONAL NO ACTION TAKEN","2014",90
"KERN",93560,940,2,"MCL,  AVERAGE","ARSENIC","STATE INTENTIONAL NO ACTION TAKEN","2015",91
"KERN",93560,940,2,"MCL,  AVERAGE","ARSENIC","FORMAL ENFORCEMENT ACTION ISSUED","2017",90
"KERN",93560,175,79,"MCL,  AVERAGE","COMBINED URANIUM","FORMAL ENFORCEMENT ACTION ISSUED","2018",89
"KERN",93560,82,63,"MCL,  AVERAGE","COMBINED URANIUM","FORMAL ENFORCEMENT ACTION ISSUED","2018",91
"KERN",93312,32,16,"MCL,  AVERAGE","ARSENIC","STATE INTENTIONAL NO ACTION TAKEN","2012",90
"KERN",93312,32,16,"MCL,  AVERAGE","ARSENIC","STATE INTENTIONAL NO ACTION TAKEN","2013",89
"KERN",93312,32,16,"MCL,  AVERAGE","ARSENIC","FORMAL ENFORCEMENT ACTION ISSUED","2013",91
"KERN",93312,32,16,"MCL,  AVERAGE","ARSENIC","STATE INTENTIONAL NO ACTION TAKEN","2014",91
"KERN",93312,32,16,"MCL,  AVERAGE","ARSENIC","FORMAL ENFORCEMENT ACTION ISSUED","2015",91
"KERN",93312,32,16,"MCL,  AVERAGE","ARSENIC","FORMAL ENFORCEMENT ACTION ISSUED","2016",91
"KERN",93312,32,16,"MCL,  AVERAGE","ARSENIC","FORMAL ENFORCEMENT ACTION ISSUED","2017",91
"KERN",93560,35,15,"MCL,  AVERAGE","ARSENIC","STATE INTENTIONAL NO ACTION TAKEN","2012",90
"KERN",93560,35,15,"MCL,  AVERAGE","ARSENIC","FORMAL ENFORCEMENT ACTION ISSUED","2013",89
"KERN",93560,35,15,"MCL,  AVERAGE","ARSENIC","STATE INTENTIONAL NO ACTION TAKEN","2013",91
"KERN",93560,35,15,"MCL,  AVERAGE","ARSENIC","STATE INTENTIONAL NO ACTION TAKEN","2014",91
"KERN",93560,35,15,"MCL,  AVERAGE","ARSENIC","FORMAL ENFORCEMENT ACTION ISSUED","2015",91
"KERN",93560,35,15,"MCL,  AVERAGE","ARSENIC","FORMAL ENFORCEMENT ACTION ISSUED","2017",89
"KERN",93560,35,15,"MCL,  AVERAGE","ARSENIC","FORMAL ENFORCEMENT ACTION ISSUED","2018",91
"KERN",93307,35,14,"MCL, SINGLE SAMPLE","NITRATE","FORMAL ENFORCEMENT ACTION ISSUED","2012",91
"KERN",93307,35,14,"MCL, SINGLE SAMPLE","NITRATE","FORMAL ENFORCEMENT ACTION ISSUED","2014",90
"KERN",93307,35,14,"MCL, SINGLE SAMPLE","NITRATE-NITRITE","FORMAL ENFORCEMENT ACTION ISSUED","2016",90
"KERN",93307,35,14,"MCL, SINGLE SAMPLE","NITRATE-NITRITE","FORMAL ENFORCEMENT ACTION ISSUED","2017",91
"KERN",93560,39,10,"MCL,  AVERAGE","ARSENIC","FORMAL ENFORCEMENT ACTION ISSUED","2015",91
"KERN",93560,39,10,"MCL,  AVERAGE","ARSENIC","FORMAL ENFORCEMENT ACTION ISSUED","2018",91
"KERN",93243,500,1,"MCL,  AVERAGE","COMBINED URANIUM","FORMAL ENFORCEMENT ACTION ISSUED","2016",91
"KERN",93243,500,1,"MCL,  AVERAGE","COMBINED URANIUM","FORMAL ENFORCEMENT ACTION ISSUED","2018",89
"KERN",93243,500,1,"MCL,  AVERAGE","COMBINED URANIUM","FORMAL ENFORCEMENT ACTION ISSUED","2018",91
"KERN",93203,20850,3885,"MCL,  AVERAGE","ARSENIC","US EPA FEDERAL ADMINSTRATIVE ORDER ON CONSENT","2012",90
"KERN",93203,20850,3885,"MCL,  AVERAGE","ARSENIC","US EPA FEDERAL ADMINSTRATIVE ORDER ON CONSENT","2013",91
"KERN",93203,20850,3885,"MCL,  AVERAGE","ARSENIC","US EPA FEDERAL ADMINSTRATIVE ORDER ON CONSENT","2015",89
"KERN",93203,20850,3885,"MCL,  AVERAGE","ARSENIC","US EPA FEDERAL ADMINSTRATIVE ORDER ON CONSENT","2016",91
"KERN",93203,20850,3885,"MCL,  AVERAGE","ARSENIC","US EPA FEDERAL ADMINSTRATIVE ORDER ON CONSENT","2018",89
"KERN",93215,56623,9544,"MCL,  AVERAGE","ARSENIC","RETURN TO COMPLIANCE","2012",91
"KERN",93241,19057,3300,"MCL,  AVERAGE","ARSENIC","STATE INTENTIONAL NO ACTION TAKEN","2012",90
"KERN",93241,19057,3300,"MCL,  AVERAGE","ARSENIC","FORMAL ENFORCEMENT ACTION ISSUED","2012",91
"KERN",93241,19057,3300,"MCL,  AVERAGE","ARSENIC","STATE INTENTIONAL NO ACTION TAKEN","2013",91
"KERN",93241,19057,3300,"MCL,  AVERAGE","ARSENIC","FORMAL ENFORCEMENT ACTION ISSUED","2014",90
"KERN",93241,19057,3300,"MCL,  AVERAGE","ARSENIC","FORMAL ENFORCEMENT ACTION ISSUED","2017",91
"KERN",93250,15105,2804,"MCL,  AVERAGE","ARSENIC","RETURN TO COMPLIANCE","2012",90
"KERN",93250,15105,2804,"MCL,  AVERAGE","ARSENIC","RETURN TO COMPLIANCE","2013",89
"KERN",93528,450,249,"MCL,  AVERAGE","ARSENIC","RETURN TO COMPLIANCE","2012",91
"KERN",93528,450,249,"MCL,  AVERAGE","ARSENIC","FORMAL ENFORCEMENT ACTION ISSUED","2013",90
"KERN",93528,450,249,"MCL,  AVERAGE","ARSENIC","FORMAL ENFORCEMENT ACTION ISSUED","2014",89
"KERN",93528,450,249,"MCL,  AVERAGE","ARSENIC","FORMAL ENFORCEMENT ACTION ISSUED","2014",91
"KERN",93528,450,249,"MCL,  AVERAGE","ARSENIC","FORMAL ENFORCEMENT ACTION ISSUED","2015",91
"KERN",93528,450,249,"MCL,  AVERAGE","ARSENIC","FORMAL ENFORCEMENT ACTION ISSUED","2016",90
"KERN",93528,450,249,"MCL,  AVERAGE","ARSENIC","FORMAL ENFORCEMENT ACTION ISSUED","2017",89
"KERN",93528,450,249,"MCL,  AVERAGE","ARSENIC","FORMAL ENFORCEMENT ACTION ISSUED","2018",91
"KERN",93225,1058,371,"MCL, SINGLE SAMPLE","NITRATE","FORMAL ENFORCEMENT ACTION ISSUED","2016",90
"KERN",93307,10131,3064,"MCL,  AVERAGE","ARSENIC","FORMAL ENFORCEMENT ACTION ISSUED","2012",90
"KERN",93307,10131,3064,"MCL,  AVERAGE","ARSENIC","FORMAL ENFORCEMENT ACTION ISSUED","2012",91
"KERN",93307,10131,3064,"MCL,  AVERAGE","ARSENIC","FORMAL ENFORCEMENT ACTION ISSUED","2013",91
"KERN",93307,10131,3064,"MCL,  AVERAGE","ARSENIC","STATE INTENTIONAL NO ACTION TAKEN","2014",90
"KERN",93307,10131,3064,"MCL,  AVERAGE","ARSENIC","FORMAL ENFORCEMENT ACTION ISSUED","2015",89
"KERN",93307,10131,3064,"MCL,  AVERAGE","ARSENIC","FORMAL ENFORCEMENT ACTION ISSUED","2016",91
"KERN",93307,10131,3064,"MCL,  AVERAGE","ARSENIC","FORMAL ENFORCEMENT ACTION ISSUED","2018",89
"KERN",93243,1468,299,"MCL,  AVERAGE","COMBINED URANIUM","FORMAL ENFORCEMENT ACTION ISSUED","2016",90
"KERN",93243,1468,299,"MCL,  AVERAGE","COMBINED URANIUM","FORMAL ENFORCEMENT ACTION ISSUED","2016",91
"KERN",93523,600,228,"MCL,  AVERAGE","ARSENIC","FORMAL ENFORCEMENT ACTION ISSUED","2012",90
"KERN",93523,600,228,"MCL,  AVERAGE","ARSENIC","FORMAL ENFORCEMENT ACTION ISSUED","2013",91
"KERN",93523,600,228,"MCL,  AVERAGE","ARSENIC","FORMAL ENFORCEMENT ACTION ISSUED","2015",91
"KERN",93523,600,228,"MCL,  AVERAGE","ARSENIC","FORMAL ENFORCEMENT ACTION ISSUED","2017",91
"KERN",93225,644,273,"MCL,  AVERAGE","ARSENIC","FORMAL ENFORCEMENT ACTION ISSUED","2014",89
"KERN",93225,644,273,"MCL,  AVERAGE","ARSENIC","FORMAL ENFORCEMENT ACTION ISSUED","2014",91
"KINGS",93245,320,3,"MCL,  AVERAGE","ARSENIC","FORMAL ENFORCEMENT ACTION ISSUED","2013",62
"KINGS",93245,320,3,"MCL,  AVERAGE","ARSENIC","FORMAL ENFORCEMENT ACTION ISSUED","2014",90
"KINGS",93245,320,3,"MCL,  AVERAGE","ARSENIC","FORMAL ENFORCEMENT ACTION ISSUED","2015",89
"KINGS",93245,320,3,"MCL,  AVERAGE","ARSENIC","FORMAL ENFORCEMENT ACTION ISSUED","2016",91
"KINGS",93245,320,3,"MCL,  AVERAGE","ARSENIC","FORMAL ENFORCEMENT ACTION ISSUED","2018",91
"KINGS",93239,350,12,"MCL,  AVERAGE","ARSENIC","FORMAL ENFORCEMENT ACTION ISSUED","2013",90
"KINGS",93239,350,12,"MCL,  AVERAGE","ARSENIC","FORMAL ENFORCEMENT ACTION ISSUED","2014",90
"KINGS",93239,350,12,"MCL,  AVERAGE","ARSENIC","FORMAL ENFORCEMENT ACTION ISSUED","2016",91
"KINGS",93239,350,12,"MCL,  AVERAGE","ARSENIC","FORMAL ENFORCEMENT ACTION ISSUED","2018",89
"KINGS",93239,1450,354,"MCL,  AVERAGE","ARSENIC","FORMAL ENFORCEMENT ACTION ISSUED","2012",91
"KINGS",93239,1450,354,"MCL,  AVERAGE","ARSENIC","FORMAL ENFORCEMENT ACTION ISSUED","2014",89
"KINGS",93239,1450,354,"MCL,  AVERAGE","ARSENIC","FORMAL ENFORCEMENT ACTION ISSUED","2015",91
"KINGS",93239,1450,354,"MCL,  AVERAGE","ARSENIC","FORMAL ENFORCEMENT ACTION ISSUED","2017",89
"KINGS",93239,1450,354,"MCL,  AVERAGE","ARSENIC","FORMAL ENFORCEMENT ACTION ISSUED","2018",91
"LOS ANGELES",93535,61,21,"MCL,  AVERAGE","ARSENIC","FORMAL ENFORCEMENT ACTION ISSUED","2015",90
"LOS ANGELES",93535,61,21,"MCL,  AVERAGE","ARSENIC","FORMAL ENFORCEMENT ACTION ISSUED","2018",91
"LOS ANGELES",93536,135,98,"MCL,  AVERAGE","ARSENIC","FORMAL ENFORCEMENT ACTION ISSUED","2014",91
"LOS ANGELES",93536,135,98,"MCL,  AVERAGE","ARSENIC","FORMAL ENFORCEMENT ACTION ISSUED","2016",90
"LOS ANGELES",93536,135,98,"MCL,  AVERAGE","ARSENIC","FORMAL ENFORCEMENT ACTION ISSUED","2017",91
"LOS ANGELES",93536,50,34,"MCL,  AVERAGE","ARSENIC","FORMAL ENFORCEMENT ACTION ISSUED","2015",90
"LOS ANGELES",93536,50,34,"MCL,  AVERAGE","ARSENIC","FORMAL ENFORCEMENT ACTION ISSUED","2017",91
"LOS ANGELES",93534,24,24,"MCL,  AVERAGE","ARSENIC","FORMAL ENFORCEMENT ACTION ISSUED","2015",89
"LOS ANGELES",93534,24,24,"MCL,  AVERAGE","ARSENIC","FORMAL ENFORCEMENT ACTION ISSUED","2017",1095
"LOS ANGELES",93536,56,20,"MCL,  AVERAGE","ARSENIC","FORMAL ENFORCEMENT ACTION ISSUED","2015",91
"LOS ANGELES",93536,56,20,"MCL,  AVERAGE","ARSENIC","FORMAL ENFORCEMENT ACTION ISSUED","2017",91
"LOS ANGELES",93536,1500,540,"MCL,  AVERAGE","ARSENIC","FORMAL ENFORCEMENT ACTION ISSUED","2012",90
"LOS ANGELES",93536,1500,540,"MCL,  AVERAGE","ARSENIC","FORMAL ENFORCEMENT ACTION ISSUED","2013",91
"LOS ANGELES",93536,1500,540,"MCL,  AVERAGE","ARSENIC","FORMAL ENFORCEMENT ACTION ISSUED","2015",89
"LOS ANGELES",93536,1500,540,"MCL,  AVERAGE","ARSENIC","FORMAL ENFORCEMENT ACTION ISSUED","2016",91
"LOS ANGELES",93536,1500,540,"MCL,  AVERAGE","ARSENIC","FORMAL ENFORCEMENT ACTION ISSUED","2018",89
"MADERA",93638,1340,15,"MCL,  AVERAGE","ARSENIC","RETURN TO COMPLIANCE","2015",91
"MADERA",93638,1340,15,"MCL,  AVERAGE","ARSENIC","RETURN TO COMPLIANCE","2016",91
"MADERA",93638,1340,15,"MCL, SINGLE SAMPLE","ARSENIC","FORMAL ENFORCEMENT ACTION ISSUED","2016",90
"MADERA",93669,180,89,"MCL,  AVERAGE","ARSENIC","FORMAL ENFORCEMENT ACTION ISSUED","2012",90
"MADERA",93669,180,89,"MCL,  AVERAGE","ARSENIC","FORMAL ENFORCEMENT ACTION ISSUED","2012",91
"MADERA",93669,180,89,"MCL, SINGLE SAMPLE","COMBINED URANIUM","FORMAL ENFORCEMENT ACTION ISSUED","2014",364
"MADERA",93622,250,81,"MCL,  AVERAGE","ARSENIC","FORMAL ENFORCEMENT ACTION ISSUED","2012",90
"MADERA",93622,250,81,"MCL,  AVERAGE","ARSENIC","RETURN TO COMPLIANCE","2012",91
"MADERA",93622,250,81,"MCL,  AVERAGE","ARSENIC","FORMAL ENFORCEMENT ACTION ISSUED","2013",91
"MADERA",93622,250,81,"MCL,  AVERAGE","ARSENIC","RETURN TO COMPLIANCE","2014",91
"MADERA",93644,110,99,"MCL,  AVERAGE","ARSENIC","FORMAL ENFORCEMENT ACTION ISSUED","2013",91
"MADERA",93644,110,99,"MCL,  AVERAGE","ARSENIC","FORMAL ENFORCEMENT ACTION ISSUED","2014",91
"MADERA",93644,110,99,"MCL,  AVERAGE","ARSENIC","FORMAL ENFORCEMENT ACTION ISSUED","2015",89
"MADERA",93644,110,99,"MCL,  AVERAGE","ARSENIC","FORMAL ENFORCEMENT ACTION ISSUED","2017",89
"MADERA",93644,137,67,"MCL,  AVERAGE","ARSENIC","FORMAL ENFORCEMENT ACTION ISSUED","2013",90
"MADERA",93644,137,67,"MCL,  AVERAGE","ARSENIC","FORMAL ENFORCEMENT ACTION ISSUED","2014",90
"MADERA",93644,137,67,"MCL,  AVERAGE","ARSENIC","FORMAL ENFORCEMENT ACTION ISSUED","2015",89
"MADERA",93604,200,83,"MCL,  AVERAGE","ARSENIC","FORMAL ENFORCEMENT ACTION ISSUED","2013",89
"MADERA",93604,200,83,"MCL, SINGLE SAMPLE","COMBINED URANIUM","FORMAL ENFORCEMENT ACTION ISSUED","2012",365
"MADERA",93604,200,83,"MCL,  AVERAGE","ARSENIC","FORMAL ENFORCEMENT ACTION ISSUED","2013",90
"MADERA",93604,200,83,"MCL, SINGLE SAMPLE","COMBINED URANIUM","FORMAL ENFORCEMENT ACTION ISSUED","2012",365
"MADERA",93604,200,83,"MCL,  AVERAGE","ARSENIC","FORMAL ENFORCEMENT ACTION ISSUED","2014",89
"MADERA",93604,200,83,"MCL,  AVERAGE","ARSENIC","FORMAL ENFORCEMENT ACTION ISSUED","2014",91
"MADERA",93604,200,83,"MCL, SINGLE SAMPLE","ARSENIC","OTHER INFORMAL ENFORCEMENT ACTION TAKEN","2016",91
"MADERA",93643,150,66,"MCL,  AVERAGE","ARSENIC","FORMAL ENFORCEMENT ACTION ISSUED","2013",91
"MADERA",93643,150,66,"MCL,  AVERAGE","ARSENIC","FORMAL ENFORCEMENT ACTION ISSUED","2014",91
"MADERA",93643,150,66,"MCL,  AVERAGE","ARSENIC","FORMAL ENFORCEMENT ACTION ISSUED","2016",91
"MADERA",93643,150,66,"MCL,  AVERAGE","ARSENIC","FORMAL ENFORCEMENT ACTION ISSUED","2017",91
"MADERA",93643,264,67,"MCL, SINGLE SAMPLE","ARSENIC","FORMAL ENFORCEMENT ACTION ISSUED","2014",89
"MADERA",93643,264,67,"MCL, SINGLE SAMPLE","ARSENIC","FORMAL ENFORCEMENT ACTION ISSUED","2016",91
"MADERA",93644,796,1,"MCL, SINGLE SAMPLE","COMBINED URANIUM","FORMAL ENFORCEMENT ACTION ISSUED","2012",91
"MADERA",93644,796,1,"MCL,  AVERAGE","COMBINED URANIUM","FORMAL ENFORCEMENT ACTION ISSUED","2013",89
"MADERA",93644,796,1,"MCL,  AVERAGE","COMBINED URANIUM","FORMAL ENFORCEMENT ACTION ISSUED","2013",91
"MADERA",93644,796,1,"MCL,  AVERAGE","COMBINED URANIUM","FORMAL ENFORCEMENT ACTION ISSUED","2014",91
"MADERA",93644,796,1,"MCL,  AVERAGE","COMBINED URANIUM","FORMAL ENFORCEMENT ACTION ISSUED","2016",90
"MADERA",93644,796,1,"MCL,  AVERAGE","COMBINED URANIUM","FORMAL ENFORCEMENT ACTION ISSUED","2017",90
"MADERA",93643,60,32,"MCL,  AVERAGE","NITRATE-NITRITE","OTHER INFORMAL ENFORCEMENT ACTION TAKEN","2018",89
"MADERA",93643,30,15,"MCL,  AVERAGE","COMBINED URANIUM","OTHER INFORMAL ENFORCEMENT ACTION TAKEN","2013",89
"MADERA",93643,30,15,"MCL,  AVERAGE","COMBINED URANIUM","FORMAL ENFORCEMENT ACTION ISSUED","2013",91
"MADERA",93643,30,15,"MCL, SINGLE SAMPLE","URANIUM-238","FORMAL ENFORCEMENT ACTION ISSUED","2017",90
"MADERA",93643,30,15,"MCL,  AVERAGE","URANIUM-238","OTHER INFORMAL ENFORCEMENT ACTION TAKEN","2016",365
"MADERA",93643,350,3,"MCL,  AVERAGE","ARSENIC","FORMAL ENFORCEMENT ACTION ISSUED","2012",90
"MADERA",93643,350,3,"MCL,  AVERAGE","ARSENIC","FORMAL ENFORCEMENT ACTION ISSUED","2013",88
"MADERA",93643,350,3,"MCL,  AVERAGE","ARSENIC","FORMAL ENFORCEMENT ACTION ISSUED","2013",91
"MADERA",93643,350,3,"MCL,  AVERAGE","ARSENIC","FORMAL ENFORCEMENT ACTION ISSUED","2014",91
"MADERA",93643,350,3,"MCL,  AVERAGE","ARSENIC","FORMAL ENFORCEMENT ACTION ISSUED","2016",91
"MADERA",93644,100,34,"MCL,  AVERAGE","ARSENIC","FORMAL ENFORCEMENT ACTION ISSUED","2012",90
"MADERA",93644,100,34,"MCL, SINGLE SAMPLE","COMBINED URANIUM","FORMAL ENFORCEMENT ACTION ISSUED","2012",90
"MADERA",93644,100,34,"MCL, SINGLE SAMPLE","ARSENIC","FORMAL ENFORCEMENT ACTION ISSUED","2014",364
"MADERA",93644,100,34,"MCL,  AVERAGE","ARSENIC","FORMAL ENFORCEMENT ACTION ISSUED","2016",91
"MADERA",93638,50,4,"MCL,  AVERAGE","ARSENIC","FORMAL ENFORCEMENT ACTION ISSUED","2013",88
"MADERA",93638,50,4,"MCL, SINGLE SAMPLE","ARSENIC","FORMAL ENFORCEMENT ACTION ISSUED","2014",91
"MADERA",93622,50,20,"MCL, SINGLE SAMPLE","COMBINED URANIUM","FORMAL ENFORCEMENT ACTION ISSUED","2013",364
"MADERA",93643,40,21,"MCL,  AVERAGE","COMBINED URANIUM","FORMAL ENFORCEMENT ACTION ISSUED","2012",90
"MADERA",93643,40,21,"MCL,  AVERAGE","COMBINED URANIUM","FORMAL ENFORCEMENT ACTION ISSUED","2013",90
"MADERA",93643,40,21,"MCL,  AVERAGE","COMBINED URANIUM","FORMAL ENFORCEMENT ACTION ISSUED","2017",364
"MADERA",93644,3818,1043,"MCL,  AVERAGE","ARSENIC","STATE INTENTIONAL NO ACTION TAKEN","2014",89
"MADERA",93644,3818,1043,"MCL,  AVERAGE","ARSENIC","STATE INTENTIONAL NO ACTION TAKEN","2014",91
"MADERA",93644,3818,1043,"MCL,  AVERAGE","ARSENIC","STATE INTENTIONAL NO ACTION TAKEN","2015",90
"MADERA",93644,3818,1043,"MCL,  AVERAGE","ARSENIC","FORMAL ENFORCEMENT ACTION ISSUED","2017",89
"MADERA",93644,3818,1043,"MCL,  AVERAGE","COMBINED URANIUM","FORMAL ENFORCEMENT ACTION ISSUED","2017",89
"MADERA",93644,3818,1043,"MCL,  AVERAGE","ARSENIC","FORMAL ENFORCEMENT ACTION ISSUED","2017",91
"MADERA",93644,3818,1043,"MCL,  AVERAGE","COMBINED URANIUM","FORMAL ENFORCEMENT ACTION ISSUED","2017",91
"MADERA",93644,3818,1043,"MCL,  AVERAGE","ARSENIC","FORMAL ENFORCEMENT ACTION ISSUED","2018",91
"MADERA",93644,3818,1043,"MCL,  AVERAGE","COMBINED URANIUM","FORMAL ENFORCEMENT ACTION ISSUED","2018",91
"MADERA",93653,307,94,"MCL,  AVERAGE","ARSENIC","FORMAL ENFORCEMENT ACTION ISSUED","2013",91
"MADERA",93653,307,94,"MCL,  AVERAGE","ARSENIC","FORMAL ENFORCEMENT ACTION ISSUED","2015",91
"MADERA",93653,307,94,"MCL,  AVERAGE","COMBINED URANIUM","FORMAL ENFORCEMENT ACTION ISSUED","2015",91
"MADERA",93653,307,94,"MCL,  AVERAGE","COMBINED URANIUM","FORMAL ENFORCEMENT ACTION ISSUED","2016",91
"MADERA",93653,307,94,"MCL,  AVERAGE","COMBINED URANIUM","FORMAL ENFORCEMENT ACTION ISSUED","2017",90
"MADERA",93653,307,94,"MCL,  AVERAGE","ARSENIC","FORMAL ENFORCEMENT ACTION ISSUED","2017",91
"MERCED",95388,190,4,"MCL, SINGLE SAMPLE","NITRATE","FORMAL ENFORCEMENT ACTION ISSUED","2018",89
"MERCED",95334,14894,3161,"MCL,  AVERAGE","ARSENIC","FORMAL ENFORCEMENT ACTION ISSUED","2013",91
"MERCED",95334,14894,3161,"MCL,  AVERAGE","ARSENIC","RETURN TO COMPLIANCE","2014",91
"MERCED",95334,14894,3161,"MCL,  AVERAGE","ARSENIC","FORMAL ENFORCEMENT ACTION ISSUED","2015",90
"MONO",96107,50,29,"MCL,  AVERAGE","ARSENIC","FORMAL ENFORCEMENT ACTION ISSUED","2013",90
"MONO",96107,50,29,"MCL, SINGLE SAMPLE","ARSENIC","FORMAL ENFORCEMENT ACTION ISSUED","2014",91
"MONO",96107,50,29,"MCL,  AVERAGE","ARSENIC","FORMAL ENFORCEMENT ACTION ISSUED","2015",91
"MONO",96107,50,29,"MCL,  AVERAGE","ARSENIC","FORMAL ENFORCEMENT ACTION ISSUED","2017",91
"MONO",93517,2150,293,"MCL,  AVERAGE","ARSENIC","FORMAL ENFORCEMENT ACTION ISSUED","2012",90
"MONO",93517,2150,293,"MCL,  AVERAGE","ARSENIC","FORMAL ENFORCEMENT ACTION ISSUED","2012",91
"MONO",93517,2150,293,"MCL,  AVERAGE","ARSENIC","FORMAL ENFORCEMENT ACTION ISSUED","2013",89
"MONO",93517,2150,293,"MCL,  AVERAGE","ARSENIC","FORMAL ENFORCEMENT ACTION ISSUED","2013",91
"MONO",93517,2150,293,"MCL,  AVERAGE","ARSENIC","FORMAL ENFORCEMENT ACTION ISSUED","2014",89
"MONO",93517,2150,293,"MCL,  AVERAGE","ARSENIC","FORMAL ENFORCEMENT ACTION ISSUED","2015",89
"MONO",93517,2150,293,"MCL,  AVERAGE","ARSENIC","FORMAL ENFORCEMENT ACTION ISSUED","2016",91
"MONO",93517,2150,293,"MCL,  AVERAGE","ARSENIC","FORMAL ENFORCEMENT ACTION ISSUED","2018",89
"MONTEREY",93908,45,16,"MCL, SINGLE SAMPLE","ARSENIC","FORMAL ENFORCEMENT ACTION ISSUED","2012",91
"MONTEREY",93908,45,16,"MCL,  AVERAGE","ARSENIC","FORMAL ENFORCEMENT ACTION ISSUED","2015",119
"MONTEREY",93908,45,16,"MCL,  AVERAGE","ARSENIC","OTHER INFORMAL ENFORCEMENT ACTION TAKEN","2016",90
"MONTEREY",93908,45,16,"MCL,  AVERAGE","ARSENIC","OTHER INFORMAL ENFORCEMENT ACTION TAKEN","2017",88
"MONTEREY",93908,45,16,"MCL,  AVERAGE","ARSENIC","OTHER INFORMAL ENFORCEMENT ACTION TAKEN","2017",91
"MONTEREY",93908,45,16,"MCL,  AVERAGE","ARSENIC","FORMAL ENFORCEMENT ACTION ISSUED","2018",91
"MONTEREY",93907,105,35,"MCL, SINGLE SAMPLE","NITRATE","FORMAL ENFORCEMENT ACTION ISSUED","2013",89
"MONTEREY",93907,105,35,"MCL, SINGLE SAMPLE","NITRATE","FORMAL ENFORCEMENT ACTION ISSUED","2014",90
"MONTEREY",93907,69,23,"MCL, SINGLE SAMPLE","NITRATE","FORMAL ENFORCEMENT ACTION ISSUED","2015",89
"MONTEREY",95076,100,34,"MCL, SINGLE SAMPLE","NITRATE","FORMAL ENFORCEMENT ACTION ISSUED","2012",91
"MONTEREY",95076,100,34,"MCL, SINGLE SAMPLE","NITRATE","OTHER INFORMAL ENFORCEMENT ACTION TAKEN","2013",91
"MONTEREY",95076,100,34,"MCL, SINGLE SAMPLE","NITRATE","OTHER INFORMAL ENFORCEMENT ACTION TAKEN","2014",91
"MONTEREY",95076,100,34,"MCL, SINGLE SAMPLE","NITRATE","FORMAL ENFORCEMENT ACTION ISSUED","2016",90
"MONTEREY",95076,100,34,"MCL, SINGLE SAMPLE","NITRATE","FORMAL ENFORCEMENT ACTION ISSUED","2017",91
"MONTEREY",95076,200,42,"MCL, SINGLE SAMPLE","NITRATE","FORMAL ENFORCEMENT ACTION ISSUED","2012",91
"MONTEREY",95076,200,42,"MCL, SINGLE SAMPLE","NITRATE","FORMAL ENFORCEMENT ACTION ISSUED","2013",90
"MONTEREY",95076,200,42,"MCL, SINGLE SAMPLE","NITRATE","FORMAL ENFORCEMENT ACTION ISSUED","2014",89
"MONTEREY",95076,200,42,"MCL, SINGLE SAMPLE","NITRATE","FORMAL ENFORCEMENT ACTION ISSUED","2014",91
"MONTEREY",95076,200,42,"MCL, SINGLE SAMPLE","NITRATE","FORMAL ENFORCEMENT ACTION ISSUED","2015",91
"MONTEREY",95076,200,42,"MCL, SINGLE SAMPLE","NITRATE","FORMAL ENFORCEMENT ACTION ISSUED","2016",90
"MONTEREY",95076,200,42,"MCL, SINGLE SAMPLE","NITRATE","INFORMAL ENFORCEMENT ACTION ISSUED","2017",89
"MONTEREY",95076,200,42,"MCL, SINGLE SAMPLE","NITRATE","FORMAL ENFORCEMENT ACTION ISSUED","2017",91
"MONTEREY",95076,200,42,"MCL, SINGLE SAMPLE","NITRATE","FORMAL ENFORCEMENT ACTION ISSUED","2018",91
"MONTEREY",93908,87,29,"MCL, SINGLE SAMPLE","ARSENIC","OTHER INFORMAL ENFORCEMENT ACTION TAKEN","2012",90
"MONTEREY",93908,87,29,"MCL, SINGLE SAMPLE","ARSENIC","FORMAL ENFORCEMENT ACTION ISSUED","2012",91
"MONTEREY",93908,87,29,"MCL, SINGLE SAMPLE","ARSENIC","FORMAL ENFORCEMENT ACTION ISSUED","2013",91
"MONTEREY",93908,87,29,"MCL,  AVERAGE","ARSENIC","FORMAL ENFORCEMENT ACTION ISSUED","2014",90
"MONTEREY",93908,87,29,"MCL,  AVERAGE","ARSENIC","FORMAL ENFORCEMENT ACTION ISSUED","2014",91
"MONTEREY",93908,87,29,"MCL,  AVERAGE","ARSENIC","FORMAL ENFORCEMENT ACTION ISSUED","2015",91
"MONTEREY",93908,87,29,"MCL,  AVERAGE","ARSENIC","FORMAL ENFORCEMENT ACTION ISSUED","2015",90
"MONTEREY",93908,87,29,"MCL,  AVERAGE","ARSENIC","FORMAL ENFORCEMENT ACTION ISSUED","2018",90
"MONTEREY",93426,39,1,"MCL, SINGLE SAMPLE","NITRATE","INFORMAL ENFORCEMENT ACTION ISSUED","2012",91
"MONTEREY",93927,60,20,"MCL, SINGLE SAMPLE","NITRATE","FORMAL ENFORCEMENT ACTION ISSUED","2012",90
"MONTEREY",93927,60,20,"MCL, SINGLE SAMPLE","NITRATE","FORMAL ENFORCEMENT ACTION ISSUED","2014",89
"MONTEREY",93927,60,20,"MCL, SINGLE SAMPLE","NITRATE","FORMAL ENFORCEMENT ACTION ISSUED","2014",91
"MONTEREY",93927,60,20,"MCL, SINGLE SAMPLE","NITRATE","FORMAL ENFORCEMENT ACTION ISSUED","2016",90
"MONTEREY",93927,60,20,"MCL, SINGLE SAMPLE","NITRATE","FORMAL ENFORCEMENT ACTION ISSUED","2017",91
"MONTEREY",93960,72,24,"MCL, SINGLE SAMPLE","NITRATE","INFORMAL ENFORCEMENT ACTION ISSUED","2017",90
"MONTEREY",93926,65,19,"MCL, SINGLE SAMPLE","NITRATE","FORMAL ENFORCEMENT ACTION ISSUED","2012",90
"MONTEREY",93926,65,19,"MCL, SINGLE SAMPLE","NITRATE","FORMAL ENFORCEMENT ACTION ISSUED","2012",91
"MONTEREY",93926,65,19,"MCL, SINGLE SAMPLE","NITRATE","FORMAL ENFORCEMENT ACTION ISSUED","2015",91
"MONTEREY",93926,65,19,"MCL, SINGLE SAMPLE","NITRATE","FORMAL ENFORCEMENT ACTION ISSUED","2016",90
"MONTEREY",93926,65,19,"MCL, SINGLE SAMPLE","NITRATE","OTHER INFORMAL ENFORCEMENT ACTION TAKEN","2016",91
"MONTEREY",93926,65,19,"MCL, SINGLE SAMPLE","NITRATE","FORMAL ENFORCEMENT ACTION ISSUED","2017",91
"MONTEREY",93926,65,19,"MCL, SINGLE SAMPLE","NITRATE","OTHER INFORMAL ENFORCEMENT ACTION TAKEN","2018",90
"MONTEREY",93908,250,1,"MCL, SINGLE SAMPLE","ARSENIC","OTHER INFORMAL ENFORCEMENT ACTION TAKEN","2012",91
"MONTEREY",93908,250,1,"MCL, SINGLE SAMPLE","ARSENIC","OTHER INFORMAL ENFORCEMENT ACTION TAKEN","2013",90
"MONTEREY",93908,250,1,"MCL, SINGLE SAMPLE","ARSENIC","OTHER INFORMAL ENFORCEMENT ACTION TAKEN","2014",89
"MONTEREY",93908,250,1,"MCL,  AVERAGE","ARSENIC","FORMAL ENFORCEMENT ACTION ISSUED","2014",90
"MONTEREY",93908,250,1,"MCL,  AVERAGE","ARSENIC","OTHER INFORMAL ENFORCEMENT ACTION TAKEN","2015",89
"MONTEREY",93908,250,1,"MCL,  AVERAGE","ARSENIC","OTHER INFORMAL ENFORCEMENT ACTION TAKEN","2016",89
"MONTEREY",93908,250,1,"MCL,  AVERAGE","ARSENIC","FORMAL ENFORCEMENT ACTION ISSUED","2016",91
"MONTEREY",93908,250,1,"MCL,  AVERAGE","ARSENIC","FORMAL ENFORCEMENT ACTION ISSUED","2017",183
"MONTEREY",93908,250,1,"MCL,  AVERAGE","ARSENIC","FORMAL ENFORCEMENT ACTION ISSUED","2018",90
"MONTEREY",93908,41,18,"MCL, SINGLE SAMPLE","NITRATE","OTHER INFORMAL ENFORCEMENT ACTION TAKEN","2012",90
"MONTEREY",93908,41,18,"MCL, SINGLE SAMPLE","NITRATE","FORMAL ENFORCEMENT ACTION ISSUED","2012",90
"MONTEREY",93908,41,18,"MCL, SINGLE SAMPLE","NITRATE","FORMAL ENFORCEMENT ACTION ISSUED","2012",91
"MONTEREY",93908,41,18,"MCL, SINGLE SAMPLE","NITRATE","FORMAL ENFORCEMENT ACTION ISSUED","2013",90
"MONTEREY",93908,41,18,"MCL, SINGLE SAMPLE","NITRATE","FORMAL ENFORCEMENT ACTION ISSUED","2013",91
"MONTEREY",93908,41,18,"MCL, SINGLE SAMPLE","NITRATE","FORMAL ENFORCEMENT ACTION ISSUED","2014",89
"MONTEREY",93908,41,18,"MCL, SINGLE SAMPLE","NITRATE","FORMAL ENFORCEMENT ACTION ISSUED","2014",90
"MONTEREY",93908,41,18,"MCL, SINGLE SAMPLE","NITRATE","FORMAL ENFORCEMENT ACTION ISSUED","2014",91
"MONTEREY",93908,41,18,"MCL, SINGLE SAMPLE","NITRATE","OTHER INFORMAL ENFORCEMENT ACTION TAKEN","2015",91
"MONTEREY",93908,41,18,"MCL, SINGLE SAMPLE","NITRATE","OTHER INFORMAL ENFORCEMENT ACTION TAKEN","2016",90
"MONTEREY",93908,41,18,"MCL, SINGLE SAMPLE","NITRATE","OTHER INFORMAL ENFORCEMENT ACTION TAKEN","2016",91
"MONTEREY",93954,500,98,"MCL, SINGLE SAMPLE","NITRATE","FORMAL ENFORCEMENT ACTION ISSUED","2013",91
"MONTEREY",93954,500,98,"MCL, SINGLE SAMPLE","NITRATE","FORMAL ENFORCEMENT ACTION ISSUED","2014",89
"MONTEREY",93954,500,98,"MCL, SINGLE SAMPLE","NITRATE","RETURN TO COMPLIANCE","2014",91
"MONTEREY",93907,210,65,"MCL,  AVERAGE","ARSENIC","FORMAL ENFORCEMENT ACTION ISSUED","2012",90
"MONTEREY",93907,210,65,"MCL, SINGLE SAMPLE","ARSENIC","FORMAL ENFORCEMENT ACTION ISSUED","2013",89
"MONTEREY",93907,210,65,"MCL, SINGLE SAMPLE","ARSENIC","FORMAL ENFORCEMENT ACTION ISSUED","2013",91
"MONTEREY",93907,210,65,"MCL,  AVERAGE","ARSENIC","FORMAL ENFORCEMENT ACTION ISSUED","2014",91
"MONTEREY",93907,210,65,"MCL,  AVERAGE","ARSENIC","FORMAL ENFORCEMENT ACTION ISSUED","2015",89
"MONTEREY",93907,210,65,"MCL,  AVERAGE","ARSENIC","OTHER INFORMAL ENFORCEMENT ACTION TAKEN","2016",90
"MONTEREY",93907,210,65,"MCL,  AVERAGE","ARSENIC","FORMAL ENFORCEMENT ACTION ISSUED","2016",91
"MONTEREY",93907,210,65,"MCL,  AVERAGE","ARSENIC","OTHER INFORMAL ENFORCEMENT ACTION TAKEN","2017",91
"MONTEREY",93907,210,65,"MCL,  AVERAGE","ARSENIC","FORMAL ENFORCEMENT ACTION ISSUED","2018",91
"MONTEREY",93908,90,31,"MCL, SINGLE SAMPLE","NITRATE","FORMAL ENFORCEMENT ACTION ISSUED","2013",90
"MONTEREY",93908,90,31,"MCL, SINGLE SAMPLE","NITRATE","OTHER INFORMAL ENFORCEMENT ACTION TAKEN","2014",91
"MONTEREY",93908,90,31,"MCL, SINGLE SAMPLE","NITRATE","OTHER INFORMAL ENFORCEMENT ACTION TAKEN","2015",90
"MONTEREY",93908,90,31,"MCL, SINGLE SAMPLE","NITRATE","OTHER INFORMAL ENFORCEMENT ACTION TAKEN","2016",90
"MONTEREY",93908,90,31,"MCL, SINGLE SAMPLE","NITRATE","OTHER INFORMAL ENFORCEMENT ACTION TAKEN","2016",91
"MONTEREY",93908,90,31,"MCL, SINGLE SAMPLE","NITRATE","FORMAL ENFORCEMENT ACTION ISSUED","2017",91
"MONTEREY",93960,90,30,"MCL, SINGLE SAMPLE","NITRATE","FORMAL ENFORCEMENT ACTION ISSUED","2015",89
"MONTEREY",93960,90,30,"MCL, SINGLE SAMPLE","NITRATE","FORMAL ENFORCEMENT ACTION ISSUED","2016",91
"MONTEREY",93908,25,1,"MCL, SINGLE SAMPLE","ARSENIC","FORMAL ENFORCEMENT ACTION ISSUED","2012",91
"MONTEREY",93908,25,1,"MCL,  AVERAGE","ARSENIC","FORMAL ENFORCEMENT ACTION ISSUED","2014",91
"MONTEREY",93908,25,1,"MCL,  AVERAGE","ARSENIC","FORMAL ENFORCEMENT ACTION ISSUED","2015",90
"MONTEREY",93908,25,1,"MCL,  AVERAGE","ARSENIC","FORMAL ENFORCEMENT ACTION ISSUED","2015",90
"MONTEREY",93908,25,1,"MCL,  AVERAGE","ARSENIC","OTHER INFORMAL ENFORCEMENT ACTION TAKEN","2016",91
"MONTEREY",93908,25,1,"MCL,  AVERAGE","ARSENIC","FORMAL ENFORCEMENT ACTION ISSUED","2017",90
"MONTEREY",93908,25,1,"MCL,  AVERAGE","ARSENIC","FORMAL ENFORCEMENT ACTION ISSUED","2018",89
"PLUMAS",96122,657,350,"MCL,  AVERAGE","COMBINED URANIUM","FORMAL ENFORCEMENT ACTION ISSUED","2012",91
"PLUMAS",96122,657,350,"MCL,  AVERAGE","COMBINED URANIUM","FORMAL ENFORCEMENT ACTION ISSUED","2013",90
"PLUMAS",96122,657,350,"MCL,  AVERAGE","COMBINED URANIUM","FORMAL ENFORCEMENT ACTION ISSUED","2014",89
"PLUMAS",96122,657,350,"MCL,  AVERAGE","COMBINED URANIUM","FORMAL ENFORCEMENT ACTION ISSUED","2015",89
"PLUMAS",96122,657,350,"MCL,  AVERAGE","COMBINED URANIUM","INFORMAL ENFORCEMENT ACTION ISSUED","2015",91
"PLUMAS",96122,657,350,"MCL,  AVERAGE","COMBINED URANIUM","FORMAL ENFORCEMENT ACTION ISSUED","2016",90
"PLUMAS",96122,657,350,"MCL,  AVERAGE","COMBINED URANIUM","FORMAL ENFORCEMENT ACTION ISSUED","2016",91
"PLUMAS",96122,657,350,"MCL,  AVERAGE","COMBINED URANIUM","FORMAL ENFORCEMENT ACTION ISSUED","2017",90
"PLUMAS",96103,1525,553,"MCL,  AVERAGE","ARSENIC","FORMAL ENFORCEMENT ACTION ISSUED","2012",91
"PLUMAS",96103,1525,553,"MCL,  AVERAGE","ARSENIC","FORMAL ENFORCEMENT ACTION ISSUED","2013",91
"PLUMAS",96103,1525,553,"MCL,  AVERAGE","ARSENIC","FORMAL ENFORCEMENT ACTION ISSUED","2014",90
"PLUMAS",96103,1525,553,"MCL,  AVERAGE","ARSENIC","FORMAL ENFORCEMENT ACTION ISSUED","2016",90
"PLUMAS",96103,1525,553,"MCL,  AVERAGE","ARSENIC","FORMAL ENFORCEMENT ACTION ISSUED","2017",89
"RIVERSIDE",92254,300,95,"MCL,  AVERAGE","ARSENIC","FORMAL ENFORCEMENT ACTION ISSUED","2013",89
"RIVERSIDE",92254,300,95,"MCL,  AVERAGE","ARSENIC","FORMAL ENFORCEMENT ACTION ISSUED","2014",91
"RIVERSIDE",92254,300,95,"MCL,  AVERAGE","ARSENIC","FORMAL ENFORCEMENT ACTION ISSUED","2015",91
"RIVERSIDE",92254,300,95,"MCL,  AVERAGE","ARSENIC","FORMAL ENFORCEMENT ACTION ISSUED","2017",90
"RIVERSIDE",92254,300,95,"MCL,  AVERAGE","ARSENIC","FORMAL ENFORCEMENT ACTION ISSUED","2018",91
"RIVERSIDE",92561,198,60,"MCL,  AVERAGE","COMBINED URANIUM","RETURN TO COMPLIANCE","2016",90
"RIVERSIDE",92561,198,60,"MCL,  AVERAGE","COMBINED URANIUM","RETURN TO COMPLIANCE","2016",91
"RIVERSIDE",92561,198,60,"MCL,  AVERAGE","COMBINED URANIUM","FORMAL ENFORCEMENT ACTION ISSUED","2017",91
"RIVERSIDE",92539,250,83,"MCL,  AVERAGE","NITRATE","FORMAL ENFORCEMENT ACTION ISSUED","2012",91
"RIVERSIDE",92539,250,83,"MCL,  AVERAGE","NITRATE","FORMAL ENFORCEMENT ACTION ISSUED","2016",90
"RIVERSIDE",92539,250,83,"MCL, SINGLE SAMPLE","NITRATE","FORMAL ENFORCEMENT ACTION ISSUED","2018",91
"RIVERSIDE",92274,314,160,"MCL,  AVERAGE","ARSENIC","FORMAL ENFORCEMENT ACTION ISSUED","2016",90
"RIVERSIDE",92274,314,160,"MCL,  AVERAGE","ARSENIC","FORMAL ENFORCEMENT ACTION ISSUED","2017",91
"SACRAMENTO",95641,100,37,"MCL,  AVERAGE","ARSENIC","FORMAL ENFORCEMENT ACTION ISSUED","2016",90
"SACRAMENTO",95641,100,37,"MCL,  AVERAGE","ARSENIC","FORMAL ENFORCEMENT ACTION ISSUED","2017",89
"SACRAMENTO",95615,40,34,"MCL,  AVERAGE","ARSENIC","RETURN TO COMPLIANCE","2012",91
"SACRAMENTO",95615,40,34,"MCL,  AVERAGE","ARSENIC","OTHER INFORMAL ENFORCEMENT ACTION TAKEN","2014",89
"SACRAMENTO",95615,40,34,"MCL,  AVERAGE","ARSENIC","OTHER INFORMAL ENFORCEMENT ACTION TAKEN","2014",91
"SACRAMENTO",95615,40,34,"MCL,  AVERAGE","ARSENIC","FORMAL ENFORCEMENT ACTION ISSUED","2015",90
"SACRAMENTO",95690,80,42,"MCL,  AVERAGE","ARSENIC","FORMAL ENFORCEMENT ACTION ISSUED","2012",91
"SACRAMENTO",95690,80,42,"MCL,  AVERAGE","ARSENIC","FORMAL ENFORCEMENT ACTION ISSUED","2013",90
"SACRAMENTO",95690,80,42,"MCL,  AVERAGE","ARSENIC","FORMAL ENFORCEMENT ACTION ISSUED","2014",89
"SACRAMENTO",95690,80,42,"MCL,  AVERAGE","ARSENIC","FORMAL ENFORCEMENT ACTION ISSUED","2015",89
"SACRAMENTO",95690,80,42,"MCL,  AVERAGE","ARSENIC","FORMAL ENFORCEMENT ACTION ISSUED","2015",91
"SACRAMENTO",95690,80,42,"MCL,  AVERAGE","ARSENIC","FORMAL ENFORCEMENT ACTION ISSUED","2016",91
"SACRAMENTO",95690,80,42,"MCL,  AVERAGE","ARSENIC","INFORMAL ENFORCEMENT ACTION ISSUED","2017",91
"SACRAMENTO",95641,250,77,"MCL,  AVERAGE","ARSENIC","OTHER INFORMAL ENFORCEMENT ACTION TAKEN","2012",91
"SACRAMENTO",95641,250,77,"MCL,  AVERAGE","ARSENIC","FORMAL ENFORCEMENT ACTION ISSUED","2013",89
"SACRAMENTO",95641,250,77,"MCL,  AVERAGE","ARSENIC","OTHER INFORMAL ENFORCEMENT ACTION TAKEN","2013",91
"SACRAMENTO",95641,250,77,"MCL,  AVERAGE","ARSENIC","FORMAL ENFORCEMENT ACTION ISSUED","2014",91
"SACRAMENTO",95641,250,77,"MCL,  AVERAGE","ARSENIC","FORMAL ENFORCEMENT ACTION ISSUED","2016",90
"SACRAMENTO",95641,250,77,"MCL,  AVERAGE","ARSENIC","FORMAL ENFORCEMENT ACTION ISSUED","2017",91
"SACRAMENTO",95641,150,107,"MCL,  AVERAGE","ARSENIC","OTHER INFORMAL ENFORCEMENT ACTION TAKEN","2012",91
"SACRAMENTO",95641,150,107,"MCL,  AVERAGE","ARSENIC","FORMAL ENFORCEMENT ACTION ISSUED","2013",90
"SACRAMENTO",95641,150,107,"MCL,  AVERAGE","ARSENIC","FORMAL ENFORCEMENT ACTION ISSUED","2013",91
"SACRAMENTO",95641,150,107,"MCL,  AVERAGE","ARSENIC","OTHER INFORMAL ENFORCEMENT ACTION TAKEN","2014",91
"SACRAMENTO",95641,150,107,"MCL,  AVERAGE","ARSENIC","FORMAL ENFORCEMENT ACTION ISSUED","2015",91
"SACRAMENTO",95641,150,107,"MCL,  AVERAGE","ARSENIC","FORMAL ENFORCEMENT ACTION ISSUED","2016",90
"SACRAMENTO",95641,150,107,"MCL,  AVERAGE","ARSENIC","FORMAL ENFORCEMENT ACTION ISSUED","2016",91
"SAN BENITO",95023,133,48,"MCL,  AVERAGE","ARSENIC","FORMAL ENFORCEMENT ACTION ISSUED","2016",91
"SAN BENITO",95023,133,48,"MCL,  AVERAGE","ARSENIC","FORMAL ENFORCEMENT ACTION ISSUED","2017",91
"SAN BENITO",95023,133,48,"MCL,  AVERAGE","ARSENIC","FORMAL ENFORCEMENT ACTION ISSUED","2017",91
"SAN BENITO",95023,133,48,"MCL,  AVERAGE","ARSENIC","FORMAL ENFORCEMENT ACTION ISSUED","2018",91
"SAN BERNARDINO",92311,124,39,"MCL,  AVERAGE","ARSENIC","FORMAL ENFORCEMENT ACTION ISSUED","2012",91
"SAN BERNARDINO",92311,124,39,"MCL,  AVERAGE","ARSENIC","FORMAL ENFORCEMENT ACTION ISSUED","2014",89
"SAN BERNARDINO",92311,124,39,"MCL,  AVERAGE","ARSENIC","FORMAL ENFORCEMENT ACTION ISSUED","2015",91
"SAN BERNARDINO",92311,124,39,"MCL,  AVERAGE","ARSENIC","FORMAL ENFORCEMENT ACTION ISSUED","2017",90
"SAN BERNARDINO",92311,124,39,"MCL,  AVERAGE","ARSENIC","FORMAL ENFORCEMENT ACTION ISSUED","2018",91
"SAN BERNARDINO",92327,795,195,"MCL,  AVERAGE","COMBINED URANIUM","FORMAL ENFORCEMENT ACTION ISSUED","2017",91
"SAN BERNARDINO",92395,695,153,"MCL,  AVERAGE","COMBINED URANIUM","FORMAL ENFORCEMENT ACTION ISSUED","2012",90
"SAN BERNARDINO",92395,695,153,"MCL,  AVERAGE","COMBINED URANIUM","FORMAL ENFORCEMENT ACTION ISSUED","2013",91
"SAN BERNARDINO",92395,695,153,"MCL,  AVERAGE","COMBINED URANIUM","FORMAL ENFORCEMENT ACTION ISSUED","2016",90
"SAN BERNARDINO",92395,695,153,"MCL,  AVERAGE","COMBINED URANIUM","FORMAL ENFORCEMENT ACTION ISSUED","2017",91
"SAN BERNARDINO",92333,25,32,"MCL,  AVERAGE","COMBINED URANIUM","FORMAL ENFORCEMENT ACTION ISSUED","2018",89
"SAN BERNARDINO",92268,625,120,"MCL,  AVERAGE","ARSENIC","FORMAL ENFORCEMENT ACTION ISSUED","2013",90
"SAN BERNARDINO",92268,625,120,"MCL,  AVERAGE","COMBINED URANIUM","FORMAL ENFORCEMENT ACTION ISSUED","2014",91
"SAN BERNARDINO",92268,625,120,"MCL,  AVERAGE","ARSENIC","FORMAL ENFORCEMENT ACTION ISSUED","2016",90
"SAN BERNARDINO",92268,625,120,"MCL,  AVERAGE","ARSENIC","FORMAL ENFORCEMENT ACTION ISSUED","2018",90
"SAN BERNARDINO",92256,450,88,"MCL,  AVERAGE","COMBINED URANIUM","FORMAL ENFORCEMENT ACTION ISSUED","2013",89
"SAN BERNARDINO",92256,450,88,"MCL,  AVERAGE","COMBINED URANIUM","FORMAL ENFORCEMENT ACTION ISSUED","2014",91
"SAN BERNARDINO",92256,450,88,"MCL,  AVERAGE","COMBINED URANIUM","FORMAL ENFORCEMENT ACTION ISSUED","2016",91
"SAN BERNARDINO",92256,450,88,"MCL,  AVERAGE","COMBINED URANIUM","FORMAL ENFORCEMENT ACTION ISSUED","2018",89
"SAN BERNARDINO",92399,900,180,"MCL,  AVERAGE","NITRATE","FORMAL ENFORCEMENT ACTION ISSUED","2018",89
"SAN BERNARDINO",92338,500,28,"MCL,  AVERAGE","ARSENIC","FORMAL ENFORCEMENT ACTION ISSUED","2013",89
"SAN BERNARDINO",92338,500,28,"MCL,  AVERAGE","COMBINED URANIUM","FORMAL ENFORCEMENT ACTION ISSUED","2016",90
"SAN BERNARDINO",92338,500,28,"MCL,  AVERAGE","COMBINED URANIUM","OTHER INFORMAL ENFORCEMENT ACTION TAKEN","2018",90
"SAN BERNARDINO",92365,1000,73,"MCL,  AVERAGE","ARSENIC","FORMAL ENFORCEMENT ACTION ISSUED","2013",91
"SAN BERNARDINO",92365,1000,73,"MCL,  AVERAGE","ARSENIC","FORMAL ENFORCEMENT ACTION ISSUED","2015",89
"SAN BERNARDINO",92365,1000,73,"MCL,  AVERAGE","ARSENIC","FORMAL ENFORCEMENT ACTION ISSUED","2015",91
"SAN BERNARDINO",92365,1000,73,"MCL,  AVERAGE","ARSENIC","FORMAL ENFORCEMENT ACTION ISSUED","2016",90
"SAN BERNARDINO",92365,1000,73,"MCL,  AVERAGE","ARSENIC","FORMAL ENFORCEMENT ACTION ISSUED","2017",89
"SAN BERNARDINO",92365,1000,73,"MCL,  AVERAGE","ARSENIC","FORMAL ENFORCEMENT ACTION ISSUED","2017",91
"SAN BERNARDINO",92365,1000,73,"MCL,  AVERAGE","ARSENIC","FORMAL ENFORCEMENT ACTION ISSUED","2018",91
"SAN DIEGO",91931,100,35,"MCL,  AVERAGE","COMBINED URANIUM","FORMAL ENFORCEMENT ACTION ISSUED","2015",90
"SAN DIEGO",91931,100,35,"MCL,  AVERAGE","COMBINED URANIUM","FORMAL ENFORCEMENT ACTION ISSUED","2016",91
"SAN DIEGO",91931,100,35,"MCL,  AVERAGE","COMBINED URANIUM","FORMAL ENFORCEMENT ACTION ISSUED","2017",91
"SAN DIEGO",92065,95,37,"MCL,  AVERAGE","COMBINED URANIUM","FORMAL ENFORCEMENT ACTION ISSUED","2015",89
"SAN DIEGO",92065,95,37,"MCL,  AVERAGE","COMBINED URANIUM","FORMAL ENFORCEMENT ACTION ISSUED","2016",90
"SAN DIEGO",92065,95,37,"MCL,  AVERAGE","COMBINED URANIUM","FORMAL ENFORCEMENT ACTION ISSUED","2016",91
"SAN DIEGO",92065,95,37,"MCL,  AVERAGE","COMBINED URANIUM","FORMAL ENFORCEMENT ACTION ISSUED","2018",89
"SAN DIEGO",92061,120,28,"MCL, SINGLE SAMPLE","NITRATE","FORMAL ENFORCEMENT ACTION WITH PENALTY ISSUED","2016",90
"SAN DIEGO",92061,120,28,"MCL, SINGLE SAMPLE","NITRATE-NITRITE","FORMAL ENFORCEMENT ACTION WITH PENALTY ISSUED","2017",91
"SAN DIEGO",92061,200,88,"MCL, SINGLE SAMPLE","NITRATE","FORMAL ENFORCEMENT ACTION ISSUED","2016",90
"SAN DIEGO",92061,200,88,"MCL, SINGLE SAMPLE","NITRATE-NITRITE","FORMAL ENFORCEMENT ACTION WITH PENALTY ISSUED","2018",89
"SAN DIEGO",92086,250,15,"MCL,  AVERAGE","ARSENIC","FORMAL ENFORCEMENT ACTION ISSUED","2013",89
"SAN DIEGO",92086,250,15,"MCL,  AVERAGE","ARSENIC","FORMAL ENFORCEMENT ACTION ISSUED","2014",90
"SAN DIEGO",92086,250,15,"MCL,  AVERAGE","ARSENIC","FORMAL ENFORCEMENT ACTION ISSUED","2015",90
"SAN DIEGO",92086,250,15,"MCL,  AVERAGE","ARSENIC","FORMAL ENFORCEMENT ACTION ISSUED","2016",90
"SAN DIEGO",92086,250,15,"MCL,  AVERAGE","ARSENIC","FORMAL ENFORCEMENT ACTION ISSUED","2016",91
"SAN DIEGO",92086,250,15,"MCL,  AVERAGE","ARSENIC","FORMAL ENFORCEMENT ACTION ISSUED","2018",89
"SAN DIEGO",92086,120,45,"MCL,  AVERAGE","NITRATE-NITRITE","FORMAL ENFORCEMENT ACTION ISSUED","2013",27
"SAN DIEGO",92086,120,45,"MCL, SINGLE SAMPLE","NITRATE-NITRITE","FORMAL ENFORCEMENT ACTION ISSUED","2014",30
"SAN DIEGO",92086,120,45,"MCL, SINGLE SAMPLE","NITRATE","FORMAL ENFORCEMENT ACTION ISSUED","2015",91
"SAN DIEGO",92086,120,45,"MCL, SINGLE SAMPLE","NITRATE","FORMAL ENFORCEMENT ACTION ISSUED","2016",90
"SAN DIEGO",92086,120,45,"MCL, SINGLE SAMPLE","NITRATE","FORMAL ENFORCEMENT ACTION ISSUED","2017",89
"SAN DIEGO",92061,260,105,"MCL, SINGLE SAMPLE","NITRATE","FORMAL ENFORCEMENT ACTION ISSUED","2018",30
"SAN DIEGO",91963,200,145,"MCL,  AVERAGE","ARSENIC","FORMAL ENFORCEMENT ACTION ISSUED","2016",91
"SAN DIEGO",91963,200,145,"MCL,  AVERAGE","ARSENIC","FORMAL ENFORCEMENT ACTION ISSUED","2017",91
"SAN DIEGO",91901,100,34,"MCL, SINGLE SAMPLE","NITRATE-NITRITE","RETURN TO COMPLIANCE","2014",91
"SAN DIEGO",91901,100,34,"MCL, SINGLE SAMPLE","NITRATE","FORMAL ENFORCEMENT ACTION ISSUED","2014",91
"SAN DIEGO",91901,100,34,"MCL, SINGLE SAMPLE","NITRATE","FORMAL ENFORCEMENT ACTION ISSUED","2015",90
"SAN DIEGO",91901,100,34,"MCL, SINGLE SAMPLE","NITRATE","FORMAL ENFORCEMENT ACTION ISSUED","2016",90
"SAN DIEGO",91901,100,34,"MCL, SINGLE SAMPLE","NITRATE","RETURN TO COMPLIANCE","2017",89
"SAN DIEGO",92061,350,120,"MCL, SINGLE SAMPLE","NITRATE","FORMAL ENFORCEMENT ACTION ISSUED","2016",90
"SAN DIEGO",91916,870,315,"MCL,  AVERAGE","COMBINED URANIUM","FORMAL ENFORCEMENT ACTION ISSUED","2014",91
"SAN DIEGO",91916,870,315,"MCL,  AVERAGE","COMBINED URANIUM","FORMAL ENFORCEMENT ACTION ISSUED","2016",90
"SAN DIEGO",91916,870,315,"MCL,  AVERAGE","COMBINED URANIUM","FORMAL ENFORCEMENT ACTION ISSUED","2017",91
"SAN JOAQUIN",95215,50,16,"MCL,  AVERAGE","ARSENIC","INFORMAL ENFORCEMENT ACTION ISSUED","2012",91
"SAN JOAQUIN",95215,50,16,"MCL,  AVERAGE","ARSENIC","INFORMAL ENFORCEMENT ACTION ISSUED","2014",90
"SAN JOAQUIN",95215,50,16,"MCL,  AVERAGE","ARSENIC","INFORMAL ENFORCEMENT ACTION ISSUED","2015",91
"SAN JOAQUIN",95336,804,3,"MCL,  AVERAGE","ARSENIC","INFORMAL ENFORCEMENT ACTION ISSUED","2012",91
"SAN JOAQUIN",95336,804,3,"MCL,  AVERAGE","ARSENIC","INFORMAL ENFORCEMENT ACTION ISSUED","2014",89
"SAN JOAQUIN",95336,804,3,"MCL,  AVERAGE","ARSENIC","INFORMAL ENFORCEMENT ACTION ISSUED","2015",91
"SAN JOAQUIN",95336,804,3,"MCL,  AVERAGE","ARSENIC","INFORMAL ENFORCEMENT ACTION ISSUED","2017",91
"SAN JOAQUIN",95204,30,15,"MCL,  AVERAGE","ARSENIC","INFORMAL ENFORCEMENT ACTION ISSUED","2012",91
"SAN JOAQUIN",95204,30,15,"MCL,  AVERAGE","ARSENIC","INFORMAL ENFORCEMENT ACTION ISSUED","2013",91
"SAN JOAQUIN",95204,30,15,"MCL,  AVERAGE","ARSENIC","INFORMAL ENFORCEMENT ACTION ISSUED","2015",90
"SAN JOAQUIN",95204,30,15,"MCL,  AVERAGE","ARSENIC","INFORMAL ENFORCEMENT ACTION ISSUED","2017",90
"SAN JOAQUIN",95337,80038,21873,"MCL,  AVERAGE","ARSENIC","RETURN TO COMPLIANCE","2012",90
"SAN JOAQUIN",95337,80038,21873,"MCL,  AVERAGE","ARSENIC","FORMAL ENFORCEMENT ACTION ISSUED","2013",89
"SAN LUIS OBISPO",93420,60,28,"MCL,  AVERAGE","ARSENIC","FORMAL ENFORCEMENT ACTION ISSUED","2016",91
"SAN LUIS OBISPO",93420,60,28,"MCL,  AVERAGE","ARSENIC","FORMAL ENFORCEMENT ACTION ISSUED","2015",89
"SAN LUIS OBISPO",93420,60,28,"MCL,  AVERAGE","ARSENIC","FORMAL ENFORCEMENT ACTION ISSUED","2013",91
"SAN LUIS OBISPO",93420,60,28,"MCL,  AVERAGE","ARSENIC","FORMAL ENFORCEMENT ACTION ISSUED","2012",90
"SAN LUIS OBISPO",93444,55,24,"MCL, SINGLE SAMPLE","ARSENIC","FORMAL ENFORCEMENT ACTION ISSUED","2017",91
"SAN LUIS OBISPO",93451,100,1,"MCL,  AVERAGE","ARSENIC","FORMAL ENFORCEMENT ACTION ISSUED","2012",91
"SAN LUIS OBISPO",93451,100,1,"MCL,  AVERAGE","ARSENIC","FORMAL ENFORCEMENT ACTION ISSUED","2014",89
"SAN LUIS OBISPO",93451,100,1,"MCL,  AVERAGE","ARSENIC","FORMAL ENFORCEMENT ACTION ISSUED","2015",91
"SAN LUIS OBISPO",93451,100,1,"MCL,  AVERAGE","ARSENIC","FORMAL ENFORCEMENT ACTION ISSUED","2017",89
"SAN LUIS OBISPO",93451,100,1,"MCL,  AVERAGE","ARSENIC","FORMAL ENFORCEMENT ACTION ISSUED","2018",91
"SAN MATEO",94060,192,1,"MCL, SINGLE SAMPLE","NITRATE","FORMAL ENFORCEMENT ACTION ISSUED","2015",30
"SONOMA",95472,61,23,"MCL,  AVERAGE","NITRATE","FORMAL ENFORCEMENT ACTION ISSUED","2012",91
"SONOMA",95472,61,23,"MCL, SINGLE SAMPLE","NITRATE","FORMAL ENFORCEMENT ACTION ISSUED","2014",91
"SONOMA",95472,61,23,"MCL, SINGLE SAMPLE","NITRATE","FORMAL ENFORCEMENT ACTION ISSUED","2016",91
"STANISLAUS",95352,610,178,"MCL,  AVERAGE","COMBINED URANIUM","FORMAL ENFORCEMENT ACTION ISSUED","2015",91
"STANISLAUS",95326,50,20,"MCL,  AVERAGE","ARSENIC","FORMAL ENFORCEMENT ACTION ISSUED","2012",90
"STANISLAUS",95326,50,20,"MCL,  AVERAGE","ARSENIC","FORMAL ENFORCEMENT ACTION ISSUED","2013",91
"STANISLAUS",95326,50,20,"MCL,  AVERAGE","ARSENIC","FORMAL ENFORCEMENT ACTION ISSUED","2016",90
"STANISLAUS",95326,50,20,"MCL,  AVERAGE","ARSENIC","FORMAL ENFORCEMENT ACTION ISSUED","2017",90
"STANISLAUS",95307,125,50,"MCL,  AVERAGE","ARSENIC","FORMAL ENFORCEMENT ACTION ISSUED","2012",91
"STANISLAUS",95307,125,50,"MCL,  AVERAGE","ARSENIC","FORMAL ENFORCEMENT ACTION ISSUED","2014",89
"STANISLAUS",95307,125,50,"MCL,  AVERAGE","ARSENIC","FORMAL ENFORCEMENT ACTION ISSUED","2015",91
"STANISLAUS",95307,125,50,"MCL,  AVERAGE","ARSENIC","FORMAL ENFORCEMENT ACTION ISSUED","2017",89
"STANISLAUS",95307,125,50,"MCL,  AVERAGE","ARSENIC","FORMAL ENFORCEMENT ACTION ISSUED","2018",91
"STANISLAUS",95307,161,46,"MCL,  AVERAGE","ARSENIC","FORMAL ENFORCEMENT ACTION ISSUED","2012",90
"STANISLAUS",95307,161,46,"MCL,  AVERAGE","ARSENIC","FORMAL ENFORCEMENT ACTION ISSUED","2013",91
"STANISLAUS",95307,161,46,"MCL,  AVERAGE","ARSENIC","FORMAL ENFORCEMENT ACTION ISSUED","2015",89
"STANISLAUS",95307,161,46,"MCL,  AVERAGE","ARSENIC","FORMAL ENFORCEMENT ACTION ISSUED","2016",91
"STANISLAUS",95307,161,46,"MCL,  AVERAGE","ARSENIC","FORMAL ENFORCEMENT ACTION ISSUED","2018",89
"STANISLAUS",95380,100,46,"MCL,  AVERAGE","ARSENIC","FORMAL ENFORCEMENT ACTION ISSUED","2012",91
"STANISLAUS",95380,100,46,"MCL,  AVERAGE","ARSENIC","FORMAL ENFORCEMENT ACTION ISSUED","2013",91
"STANISLAUS",95380,100,46,"MCL,  AVERAGE","ARSENIC","FORMAL ENFORCEMENT ACTION ISSUED","2015",90
"STANISLAUS",95380,100,46,"MCL,  AVERAGE","ARSENIC","FORMAL ENFORCEMENT ACTION ISSUED","2016",91
"STANISLAUS",95380,100,46,"MCL,  AVERAGE","ARSENIC","FORMAL ENFORCEMENT ACTION ISSUED","2018",90
"STANISLAUS",95382,60,44,"MCL,  AVERAGE","ARSENIC","FORMAL ENFORCEMENT ACTION ISSUED","2012",91
"STANISLAUS",95382,60,44,"MCL,  AVERAGE","ARSENIC","FORMAL ENFORCEMENT ACTION ISSUED","2014",90
"STANISLAUS",95382,60,44,"MCL,  AVERAGE","ARSENIC","FORMAL ENFORCEMENT ACTION ISSUED","2015",457
"STANISLAUS",95382,60,44,"MCL,  AVERAGE","ARSENIC","FORMAL ENFORCEMENT ACTION ISSUED","2017",91
"STANISLAUS",95357,250,175,"MCL, SINGLE SAMPLE","COMBINED URANIUM","FORMAL ENFORCEMENT ACTION ISSUED","2016",90
"STANISLAUS",95380,223,5,"MCL,  AVERAGE","COMBINED URANIUM","FORMAL ENFORCEMENT ACTION ISSUED","2017",91
"STANISLAUS",95307,50,7,"MCL, SINGLE SAMPLE","NITRATE","FORMAL ENFORCEMENT ACTION ISSUED","2013",89
"STANISLAUS",95326,30,23,"MCL,  AVERAGE","ARSENIC","FORMAL ENFORCEMENT ACTION ISSUED","2013",90
"STANISLAUS",95326,30,23,"MCL,  AVERAGE","ARSENIC","FORMAL ENFORCEMENT ACTION ISSUED","2014",91
"STANISLAUS",95326,30,23,"MCL,  AVERAGE","ARSENIC","FORMAL ENFORCEMENT ACTION ISSUED","2016",90
"STANISLAUS",95326,30,23,"MCL,  AVERAGE","ARSENIC","FORMAL ENFORCEMENT ACTION ISSUED","2017",91
"STANISLAUS",95358,105,7,"MCL, SINGLE SAMPLE","NITRATE","FORMAL ENFORCEMENT ACTION ISSUED","2018",91
"STANISLAUS",95385,25,13,"MCL,  AVERAGE","ARSENIC","FORMAL ENFORCEMENT ACTION ISSUED","2013",91
"STANISLAUS",95326,6082,2065,"MCL,  AVERAGE","ARSENIC","FORMAL ENFORCEMENT ACTION ISSUED","2012",90
"STANISLAUS",95326,6082,2065,"MCL,  AVERAGE","ARSENIC","FORMAL ENFORCEMENT ACTION ISSUED","2014",91
"STANISLAUS",95326,6082,2065,"MCL,  AVERAGE","ARSENIC","FORMAL ENFORCEMENT ACTION ISSUED","2016",90
"STANISLAUS",95326,6082,2065,"MCL,  AVERAGE","ARSENIC","FORMAL ENFORCEMENT ACTION ISSUED","2018",89
"STANISLAUS",95328,5111,1296,"MCL,  AVERAGE","ARSENIC","FORMAL ENFORCEMENT ACTION ISSUED","2012",90
"STANISLAUS",95328,5111,1296,"MCL,  AVERAGE","ARSENIC","FORMAL ENFORCEMENT ACTION ISSUED","2013",91
"STANISLAUS",95328,5111,1296,"MCL,  AVERAGE","ARSENIC","FORMAL ENFORCEMENT ACTION ISSUED","2015",90
"STANISLAUS",95328,5111,1296,"MCL,  AVERAGE","ARSENIC","FORMAL ENFORCEMENT ACTION ISSUED","2016",91
"STANISLAUS",95328,5111,1296,"MCL,  AVERAGE","ARSENIC","FORMAL ENFORCEMENT ACTION ISSUED","2018",89
"STANISLAUS",95307,47754,11457,"MCL,  AVERAGE","COMBINED URANIUM","RETURN TO COMPLIANCE","2015",91
"TEHAMA",96055,125,50,"MCL, SINGLE SAMPLE","ARSENIC","FORMAL ENFORCEMENT ACTION ISSUED","2013",90
"TEHAMA",96055,125,50,"MCL, SINGLE SAMPLE","ARSENIC","FORMAL ENFORCEMENT ACTION ISSUED","2015",89
"TEHAMA",96055,80,53,"MCL, SINGLE SAMPLE","ARSENIC","FORMAL ENFORCEMENT ACTION ISSUED","2013",90
"TEHAMA",96055,80,53,"MCL, SINGLE SAMPLE","ARSENIC","FORMAL ENFORCEMENT ACTION ISSUED","2015",89
"TEHAMA",96055,80,53,"MCL, SINGLE SAMPLE","ARSENIC","FORMAL ENFORCEMENT ACTION ISSUED","2016",91
"TEHAMA",96055,1500,352,"MCL,  AVERAGE","ARSENIC","FORMAL ENFORCEMENT ACTION ISSUED","2012",91
"TEHAMA",96055,1500,352,"MCL, SINGLE SAMPLE","ARSENIC","FORMAL ENFORCEMENT ACTION ISSUED","2014",90
"TEHAMA",96055,1500,352,"MCL,  AVERAGE","ARSENIC","FORMAL ENFORCEMENT ACTION ISSUED","2015",91
"TEHAMA",96055,1500,352,"MCL,  AVERAGE","ARSENIC","FORMAL ENFORCEMENT ACTION ISSUED","2017",91
"TULARE",93270,98,7,"MCL, SINGLE SAMPLE","NITRATE","FORMAL ENFORCEMENT ACTION ISSUED","2013",91
"TULARE",93270,98,7,"MCL, SINGLE SAMPLE","NITRATE","FORMAL ENFORCEMENT ACTION ISSUED","2016",91
"TULARE",93270,98,7,"MCL, SINGLE SAMPLE","NITRATE","FORMAL ENFORCEMENT ACTION ISSUED","2018",90
"TULARE",93244,109,60,"MCL, SINGLE SAMPLE","NITRATE","FORMAL ENFORCEMENT ACTION ISSUED","2012",90
"TULARE",93244,109,60,"MCL, SINGLE SAMPLE","NITRATE","FORMAL ENFORCEMENT ACTION ISSUED","2012",91
"TULARE",93244,109,60,"MCL, SINGLE SAMPLE","NITRATE","FORMAL ENFORCEMENT ACTION ISSUED","2013",91
"TULARE",93244,109,60,"MCL, SINGLE SAMPLE","NITRATE","FORMAL ENFORCEMENT ACTION ISSUED","2015",91
"TULARE",93244,109,60,"MCL, SINGLE SAMPLE","NITRATE","FORMAL ENFORCEMENT ACTION ISSUED","2017",90
"TULARE",93647,1200,8,"MCL, SINGLE SAMPLE","NITRATE","FORMAL ENFORCEMENT ACTION ISSUED","2017",91
"TULARE",93257,108,28,"MCL, SINGLE SAMPLE","NITRATE","FORMAL ENFORCEMENT ACTION ISSUED","2012",89
"TULARE",93257,108,28,"MCL, SINGLE SAMPLE","NITRATE","FORMAL ENFORCEMENT ACTION ISSUED","2012",91
"TULARE",93257,108,28,"MCL, SINGLE SAMPLE","NITRATE","FORMAL ENFORCEMENT ACTION ISSUED","2013",91
"TULARE",93257,108,28,"MCL, SINGLE SAMPLE","NITRATE","FORMAL ENFORCEMENT ACTION ISSUED","2015",91
"TULARE",93257,108,28,"MCL, SINGLE SAMPLE","NITRATE","FORMAL ENFORCEMENT ACTION ISSUED","2017",91
"TULARE",93257,108,28,"MCL, SINGLE SAMPLE","NITRATE","FORMAL ENFORCEMENT ACTION ISSUED","2018",91
"TULARE",93257,1594,442,"MCL,  AVERAGE","COMBINED URANIUM","FORMAL ENFORCEMENT ACTION ISSUED","2013",89
"TULARE",93257,1594,442,"MCL,  AVERAGE","COMBINED URANIUM","FORMAL ENFORCEMENT ACTION ISSUED","2014",91
"TULARE",93257,1594,442,"MCL,  AVERAGE","COMBINED URANIUM","FORMAL ENFORCEMENT ACTION ISSUED","2016",90
"TULARE",93257,1594,442,"MCL,  AVERAGE","COMBINED URANIUM","FORMAL ENFORCEMENT ACTION ISSUED","2018",89
"TULARE",93257,347,104,"MCL, SINGLE SAMPLE","NITRATE-NITRITE","FORMAL ENFORCEMENT ACTION ISSUED","2016",91
"TULARE",93257,347,104,"MCL, SINGLE SAMPLE","NITRATE-NITRITE","FORMAL ENFORCEMENT ACTION ISSUED","2018",91
"TULARE",93257,406,154,"MCL, SINGLE SAMPLE","NITRATE","FORMAL ENFORCEMENT ACTION ISSUED","2013",91
"TULARE",93257,406,154,"MCL,  AVERAGE","ARSENIC","FORMAL ENFORCEMENT ACTION ISSUED","2016",91
"TULARE",93257,406,154,"MCL, SINGLE SAMPLE","NITRATE","FORMAL ENFORCEMENT ACTION ISSUED","2017",91
"TULARE",93267,138,42,"MCL,  AVERAGE","NITRATE","FORMAL ENFORCEMENT ACTION ISSUED","2012",91
"TULARE",93267,138,42,"MCL, SINGLE SAMPLE","NITRATE","FORMAL ENFORCEMENT ACTION ISSUED","2013",90
"TULARE",93244,400,26,"MCL, SINGLE SAMPLE","NITRATE","FORMAL ENFORCEMENT ACTION ISSUED","2013",89
"TULARE",93244,400,26,"MCL, SINGLE SAMPLE","NITRATE","FORMAL ENFORCEMENT ACTION ISSUED","2013",91
"TULARE",93244,400,26,"MCL, SINGLE SAMPLE","NITRATE","FORMAL ENFORCEMENT ACTION ISSUED","2016",91
"TULARE",93244,400,26,"MCL, SINGLE SAMPLE","NITRATE","FORMAL ENFORCEMENT ACTION ISSUED","2018",89
"TULARE",93215,110,35,"MCL, SINGLE SAMPLE","NITRATE","FORMAL ENFORCEMENT ACTION ISSUED","2012",90
"TULARE",93215,110,35,"MCL, SINGLE SAMPLE","NITRATE","FORMAL ENFORCEMENT ACTION ISSUED","2013",89
"TULARE",93215,110,35,"MCL, SINGLE SAMPLE","NITRATE","FORMAL ENFORCEMENT ACTION ISSUED","2013",91
"TULARE",93215,110,35,"MCL, SINGLE SAMPLE","NITRATE","FORMAL ENFORCEMENT ACTION ISSUED","2016",90
"TULARE",93215,110,35,"MCL, SINGLE SAMPLE","NITRATE","FORMAL ENFORCEMENT ACTION ISSUED","2017",91
"TULARE",93215,110,35,"MCL, SINGLE SAMPLE","NITRATE","FORMAL ENFORCEMENT ACTION ISSUED","2018",91
"TULARE",93274,245,5,"MCL,  AVERAGE","COMBINED URANIUM","FORMAL ENFORCEMENT ACTION ISSUED","2012",90
"TULARE",93274,245,5,"MCL,  AVERAGE","COMBINED URANIUM","FORMAL ENFORCEMENT ACTION ISSUED","2012",91
"TULARE",93274,245,5,"MCL, SINGLE SAMPLE","NITRATE","FORMAL ENFORCEMENT ACTION ISSUED","2013",89
"TULARE",93274,245,5,"MCL,  AVERAGE","COMBINED URANIUM","FORMAL ENFORCEMENT ACTION ISSUED","2013",91
"TULARE",93274,245,5,"MCL, SINGLE SAMPLE","NITRATE","FORMAL ENFORCEMENT ACTION ISSUED","2013",91
"TULARE",93274,245,5,"MCL,  AVERAGE","COMBINED URANIUM","FORMAL ENFORCEMENT ACTION ISSUED","2014",89
"TULARE",93274,245,5,"MCL, SINGLE SAMPLE","NITRATE","FORMAL ENFORCEMENT ACTION ISSUED","2014",89
"TULARE",93274,245,5,"MCL,  AVERAGE","COMBINED URANIUM","FORMAL ENFORCEMENT ACTION ISSUED","2016",90
"TULARE",93274,245,5,"MCL, SINGLE SAMPLE","NITRATE","FORMAL ENFORCEMENT ACTION ISSUED","2016",91
"TULARE",93274,245,5,"MCL,  AVERAGE","COMBINED URANIUM","FORMAL ENFORCEMENT ACTION ISSUED","2018",89
"TULARE",93274,245,5,"MCL, SINGLE SAMPLE","NITRATE","FORMAL ENFORCEMENT ACTION ISSUED","2018",90
"TULARE",93274,245,5,"MCL,  AVERAGE","COMBINED URANIUM","FORMAL ENFORCEMENT ACTION ISSUED","2018",91
"TULARE",93215,44,13,"MCL, SINGLE SAMPLE","NITRATE","FORMAL ENFORCEMENT ACTION WITH PENALTY ISSUED","2015",91
"TULARE",93215,44,13,"MCL, SINGLE SAMPLE","NITRATE","FORMAL ENFORCEMENT ACTION ISSUED","2016",91
"TULARE",93215,44,13,"MCL, SINGLE SAMPLE","NITRATE","FORMAL ENFORCEMENT ACTION ISSUED","2017",91
"TULARE",93215,44,13,"MCL, SINGLE SAMPLE","NITRATE","FORMAL ENFORCEMENT ACTION ISSUED","2018",91
"TULARE",93647,700,106,"MCL, SINGLE SAMPLE","NITRATE","FORMAL ENFORCEMENT ACTION ISSUED","2013",90
"TULARE",93647,700,106,"MCL, SINGLE SAMPLE","NITRATE","FORMAL ENFORCEMENT ACTION ISSUED","2016",91
"TULARE",93647,700,106,"MCL, SINGLE SAMPLE","NITRATE","FORMAL ENFORCEMENT ACTION ISSUED","2018",90
"TULARE",93618,31,12,"MCL, SINGLE SAMPLE","NITRATE","FORMAL ENFORCEMENT ACTION ISSUED","2016",91
"TULARE",93618,31,12,"MCL, SINGLE SAMPLE","NITRATE","FORMAL ENFORCEMENT ACTION ISSUED","2018",91
"TULARE",93265,99,30,"MCL, SINGLE SAMPLE","NITRATE","FORMAL ENFORCEMENT ACTION ISSUED","2014",89
"TULARE",93257,37,17,"MCL, SINGLE SAMPLE","NITRATE","FORMAL ENFORCEMENT ACTION ISSUED","2013",90
"TULARE",93257,37,17,"MCL, SINGLE SAMPLE","NITRATE","FORMAL ENFORCEMENT ACTION WITH PENALTY ISSUED","2013",91
"TULARE",93257,37,17,"MCL, SINGLE SAMPLE","NITRATE","FORMAL ENFORCEMENT ACTION ISSUED","2016",91
"TULARE",93257,37,17,"MCL, SINGLE SAMPLE","NITRATE","FORMAL ENFORCEMENT ACTION ISSUED","2017",91
"TULARE",93247,500,52,"MCL, SINGLE SAMPLE","NITRATE","FORMAL ENFORCEMENT ACTION ISSUED","2012",91
"TULARE",93247,500,52,"MCL, SINGLE SAMPLE","NITRATE","FORMAL ENFORCEMENT ACTION ISSUED","2014",90
"TULARE",93256,2716,825,"MCL,  AVERAGE","ARSENIC","STATE INTENTIONAL NO ACTION TAKEN","2012",91
"TULARE",93256,2716,825,"MCL,  AVERAGE","ARSENIC","STATE INTENTIONAL NO ACTION TAKEN","2013",90
"TULARE",93256,2716,825,"MCL,  AVERAGE","ARSENIC","FORMAL ENFORCEMENT ACTION ISSUED","2014",89
"TULARE",93256,2716,825,"MCL,  AVERAGE","ARSENIC","STATE INTENTIONAL NO ACTION TAKEN","2014",91
"TULARE",93256,2716,825,"MCL,  AVERAGE","ARSENIC","FORMAL ENFORCEMENT ACTION ISSUED","2016",90
"TULARE",93256,2716,825,"MCL,  AVERAGE","ARSENIC","FORMAL ENFORCEMENT ACTION ISSUED","2017",91
"TULARE",93257,2200,582,"MCL, SINGLE SAMPLE","NITRATE","FORMAL ENFORCEMENT ACTION ISSUED","2014",30
"TULARE",93201,1026,392,"MCL,  AVERAGE","ARSENIC","STATE INTENTIONAL NO ACTION TAKEN","2012",90
"TULARE",93201,1026,392,"MCL,  AVERAGE","ARSENIC","FORMAL ENFORCEMENT ACTION ISSUED","2013",90
"TULARE",93201,1026,392,"MCL,  AVERAGE","ARSENIC","STATE INTENTIONAL NO ACTION TAKEN","2014",89
"TULARE",93201,1026,392,"MCL,  AVERAGE","ARSENIC","FORMAL ENFORCEMENT ACTION ISSUED","2015",89
"TULARE",93201,1026,392,"MCL,  AVERAGE","ARSENIC","FORMAL ENFORCEMENT ACTION ISSUED","2017",91
"YOLO",95616,314,95,"MCL,  AVERAGE","NITRATE","FORMAL ENFORCEMENT ACTION ISSUED","2016",90
